Workbook

Sheet pokemon
A1: pokedex_id | B1: name | C1: hp | D1: attack | E1: defense | F1: special_attack | G1: special_defense | H1: speed | I1: remarks | J1: type1 | K1: type2 | L1: gen | M1: image1 | N1: image2 | O1: impl_flg | P1: pokedex_id | Q1: name | R1: hp | S1: attack | T1: defense | U1: special_attack | V1: special_defense | W1: speed | X1: remarks | Y1: type1 | Z1: type2 | AA1: gen | AB1: image1 | AC1: image2 | AD1: impl_flg | AE1: ="INSERT INTO pokedex ("&_xlfn.TEXTJOIN(", ",FALSE,$A$1:$O$1)&") VALUES" -> INSERT INTO pokedex (pokedex_id, name, hp, attack, defense, special_attack, special_defense, speed, remarks, type1, type2, gen, image1, image2, impl_flg) VALUES
A2: bpchar | B2: varchar | C2: number | D2: number | E2: number | F2: number | G2: number | H2: number | I2: varchar | J2: varchar | K2: varchar | L2: varchar | M2: varchar | N2: varchar | O2: boolean | P2: 作業用
A3: bpchar | B3: varchar(20) not null | C3: integer not null | D3: integer not null | E3: integer not null | F3: integer not null | G3: integer not null | H3: integer not null | I3: varchar(256) not null | J3: varchar(10) not null | K3: varchar(10) | L3: varchar(16) not null | M3: varchar(256) | N3: varchar(256) | O3: boolean not null | AB3: =SEARCH("NOT NULL",UPPER(E$3)) -> 9
A4: 0001N01 | B4: フシギダネ | C4: 45 | D4: 49 | E4: 49 | F4: 65 | G4: 65 | H4: 45 | J4: grass | K4: poison | L4: g1 | O4: TRUE | P4: =IF(A4="",IF(ISNUMBER(SEARCH("NOT NULL",UPPER(A$3))),"''","null"),SUBSTITUTE(VLOOKUP(A$2,convert!$A$1:$B$4,2,0),"@@@",A4)) -> '0001N01' | Q4: =IF(B4="",IF(ISNUMBER(SEARCH("NOT NULL",UPPER(B$3))),"''","null"),SUBSTITUTE(VLOOKUP(B$2,convert!$A$1:$B$4,2,0),"@@@",B4)) -> 'フシギダネ' | R4: =IF(C4="",IF(ISNUMBER(SEARCH("NOT NULL",UPPER(C$3))),"''","null"),SUBSTITUTE(VLOOKUP(C$2,convert!$A$1:$B$4,2,0),"@@@",C4)) -> 45 | S4: =IF(D4="",IF(ISNUMBER(SEARCH("NOT NULL",UPPER(D$3))),"''","null"),SUBSTITUTE(VLOOKUP(D$2,convert!$A$1:$B$4,2,0),"@@@",D4)) -> 49 | T4: =IF(E4="",IF(ISNUMBER(SEARCH("NOT NULL",UPPER(E$3))),"''","null"),SUBSTITUTE(VLOOKUP(E$2,convert!$A$1:$B$4,2,0),"@@@",E4)) -> 49 | U4: =IF(F4="",IF(ISNUMBER(SEARCH("NOT NULL",UPPER(F$3))),"''","null"),SUBSTITUTE(VLOOKUP(F$2,convert!$A$1:$B$4,2,0),"@@@",F4)) -> 65 | V4: =IF(G4="",IF(ISNUMBER(SEARCH("NOT NULL",UPPER(G$3))),"''","null"),SUBSTITUTE(VLOOKUP(G$2,convert!$A$1:$B$4,2,0),"@@@",G4)) -> 65 | W4: =IF(H4="",IF(ISNUMBER(SEARCH("NOT NULL",UPPER(H$3))),"''","null"),SUBSTITUTE(VLOOKUP(H$2,convert!$A$1:$B$4,2,0),"@@@",H4)) -> 45 | ... AD4: =IF(O4="",IF(ISNUMBER(SEARCH("NOT NULL",UPPER(O$3))),"''","null"),SUBSTITUTE(VLOOKUP(O$2,convert!$A$1:$B$4,2,0),"@@@",O4)) -> TRUE | AE4: =" ("&_xlfn.TEXTJOIN(", ",FALSE,P4:AD4)&")," -> ('0001N01', 'フシギダネ', 45, 49, 49, 65, 65, 45, '', 'grass', 'poison', 'g1', null, null, TRUE),
A5: 0002N01 | B5: フシギソウ | C5: 60 | D5: 62 | E5: 63 | F5: 80 | G5: 80 | H5: 60 | J5: grass | K5: poison | L5: g1 | O5: TRUE | P5: =IF(A5="",IF(ISNUMBER(SEARCH("NOT NULL",UPPER(A$3))),"''","null"),SUBSTITUTE(VLOOKUP(A$2,convert!$A$1:$B$4,2,0),"@@@",A5)) -> '0002N01' | Q5: =IF(B5="",IF(ISNUMBER(SEARCH("NOT NULL",UPPER(B$3))),"''","null"),SUBSTITUTE(VLOOKUP(B$2,convert!$A$1:$B$4,2,0),"@@@",B5)) -> 'フシギソウ' | R5: =IF(C5="",IF(ISNUMBER(SEARCH("NOT NULL",UPPER(C$3))),"''","null"),SUBSTITUTE(VLOOKUP(C$2,convert!$A$1:$B$4,2,0),"@@@",C5)) -> 60 | S5: =IF(D5="",IF(ISNUMBER(SEARCH("NOT NULL",UPPER(D$3))),"''","null"),SUBSTITUTE(VLOOKUP(D$2,convert!$A$1:$B$4,2,0),"@@@",D5)) -> 62 | T5: =IF(E5="",IF(ISNUMBER(SEARCH("NOT NULL",UPPER(E$3))),"''","null"),SUBSTITUTE(VLOOKUP(E$2,convert!$A$1:$B$4,2,0),"@@@",E5)) -> 63 | U5: =IF(F5="",IF(ISNUMBER(SEARCH("NOT NULL",UPPER(F$3))),"''","null"),SUBSTITUTE(VLOOKUP(F$2,convert!$A$1:$B$4,2,0),"@@@",F5)) -> 80 | V5: =IF(G5="",IF(ISNUMBER(SEARCH("NOT NULL",UPPER(G$3))),"''","null"),SUBSTITUTE(VLOOKUP(G$2,convert!$A$1:$B$4,2,0),"@@@",G5)) -> 80 | W5: =IF(H5="",IF(ISNUMBER(SEARCH("NOT NULL",UPPER(H$3))),"''","null"),SUBSTITUTE(VLOOKUP(H$2,convert!$A$1:$B$4,2,0),"@@@",H5)) -> 60 | ... AD5: =IF(O5="",IF(ISNUMBER(SEARCH("NOT NULL",UPPER(O$3))),"''","null"),SUBSTITUTE(VLOOKUP(O$2,convert!$A$1:$B$4,2,0),"@@@",O5)) -> TRUE | AE5: =" ("&_xlfn.TEXTJOIN(", ",FALSE,P5:AD5)&")," -> ('0002N01', 'フシギソウ', 60, 62, 63, 80, 80, 60, '', 'grass', 'poison', 'g1', null, null, TRUE),
A6: 0003N01 | B6: フシギバナ | C6: 80 | D6: 82 | E6: 83 | F6: 100 | G6: 100 | H6: 80 | J6: grass | K6: poison | L6: g1 | O6: TRUE | P6: =IF(A6="",IF(ISNUMBER(SEARCH("NOT NULL",UPPER(A$3))),"''","null"),SUBSTITUTE(VLOOKUP(A$2,convert!$A$1:$B$4,2,0),"@@@",A6)) -> '0003N01' | Q6: =IF(B6="",IF(ISNUMBER(SEARCH("NOT NULL",UPPER(B$3))),"''","null"),SUBSTITUTE(VLOOKUP(B$2,convert!$A$1:$B$4,2,0),"@@@",B6)) -> 'フシギバナ' | R6: =IF(C6="",IF(ISNUMBER(SEARCH("NOT NULL",UPPER(C$3))),"''","null"),SUBSTITUTE(VLOOKUP(C$2,convert!$A$1:$B$4,2,0),"@@@",C6)) -> 80 | S6: =IF(D6="",IF(ISNUMBER(SEARCH("NOT NULL",UPPER(D$3))),"''","null"),SUBSTITUTE(VLOOKUP(D$2,convert!$A$1:$B$4,2,0),"@@@",D6)) -> 82 | T6: =IF(E6="",IF(ISNUMBER(SEARCH("NOT NULL",UPPER(E$3))),"''","null"),SUBSTITUTE(VLOOKUP(E$2,convert!$A$1:$B$4,2,0),"@@@",E6)) -> 83 | U6: =IF(F6="",IF(ISNUMBER(SEARCH("NOT NULL",UPPER(F$3))),"''","null"),SUBSTITUTE(VLOOKUP(F$2,convert!$A$1:$B$4,2,0),"@@@",F6)) -> 100 | V6: =IF(G6="",IF(ISNUMBER(SEARCH("NOT NULL",UPPER(G$3))),"''","null"),SUBSTITUTE(VLOOKUP(G$2,convert!$A$1:$B$4,2,0),"@@@",G6)) -> 100 | W6: =IF(H6="",IF(ISNUMBER(SEARCH("NOT NULL",UPPER(H$3))),"''","null"),SUBSTITUTE(VLOOKUP(H$2,convert!$A$1:$B$4,2,0),"@@@",H6)) -> 80 | ... AD6: =IF(O6="",IF(ISNUMBER(SEARCH("NOT NULL",UPPER(O$3))),"''","null"),SUBSTITUTE(VLOOKUP(O$2,convert!$A$1:$B$4,2,0),"@@@",O6)) -> TRUE | AE6: =" ("&_xlfn.TEXTJOIN(", ",FALSE,P6:AD6)&")," -> ('0003N01', 'フシギバナ', 80, 82, 83, 100, 100, 80, '', 'grass', 'poison', 'g1', null, null, TRUE),
A7: 0003M01 | B7: メガフシギバナ | C7: 80 | D7: 100 | E7: 123 | F7: 122 | G7: 120 | H7: 80 | J7: grass | K7: poison | L7: g6 | O7: TRUE | P7: =IF(A7="",IF(ISNUMBER(SEARCH("NOT NULL",UPPER(A$3))),"''","null"),SUBSTITUTE(VLOOKUP(A$2,convert!$A$1:$B$4,2,0),"@@@",A7)) -> '0003M01' | Q7: =IF(B7="",IF(ISNUMBER(SEARCH("NOT NULL",UPPER(B$3))),"''","null"),SUBSTITUTE(VLOOKUP(B$2,convert!$A$1:$B$4,2,0),"@@@",B7)) -> 'メガフシギバナ' | R7: =IF(C7="",IF(ISNUMBER(SEARCH("NOT NULL",UPPER(C$3))),"''","null"),SUBSTITUTE(VLOOKUP(C$2,convert!$A$1:$B$4,2,0),"@@@",C7)) -> 80 | S7: =IF(D7="",IF(ISNUMBER(SEARCH("NOT NULL",UPPER(D$3))),"''","null"),SUBSTITUTE(VLOOKUP(D$2,convert!$A$1:$B$4,2,0),"@@@",D7)) -> 100 | T7: =IF(E7="",IF(ISNUMBER(SEARCH("NOT NULL",UPPER(E$3))),"''","null"),SUBSTITUTE(VLOOKUP(E$2,convert!$A$1:$B$4,2,0),"@@@",E7)) -> 123 | U7: =IF(F7="",IF(ISNUMBER(SEARCH("NOT NULL",UPPER(F$3))),"''","null"),SUBSTITUTE(VLOOKUP(F$2,convert!$A$1:$B$4,2,0),"@@@",F7)) -> 122 | V7: =IF(G7="",IF(ISNUMBER(SEARCH("NOT NULL",UPPER(G$3))),"''","null"),SUBSTITUTE(VLOOKUP(G$2,convert!$A$1:$B$4,2,0),"@@@",G7)) -> 120 | W7: =IF(H7="",IF(ISNUMBER(SEARCH("NOT NULL",UPPER(H$3))),"''","null"),SUBSTITUTE(VLOOKUP(H$2,convert!$A$1:$B$4,2,0),"@@@",H7)) -> 80 | ... AD7: =IF(O7="",IF(ISNUMBER(SEARCH("NOT NULL",UPPER(O$3))),"''","null"),SUBSTITUTE(VLOOKUP(O$2,convert!$A$1:$B$4,2,0),"@@@",O7)) -> TRUE | AE7: =" ("&_xlfn.TEXTJOIN(", ",FALSE,P7:AD7)&")," -> ('0003M01', 'メガフシギバナ', 80, 100, 123, 122, 120, 80, '', 'grass', 'poison', 'g6', null, null, TRUE),
A8: 0004N01 | B8: ヒトカゲ | C8: 39 | D8: 52 | E8: 43 | F8: 60 | G8: 50 | H8: 65 | J8: fire | L8: g1 | O8: TRUE | P8: =IF(A8="",IF(ISNUMBER(SEARCH("NOT NULL",UPPER(A$3))),"''","null"),SUBSTITUTE(VLOOKUP(A$2,convert!$A$1:$B$4,2,0),"@@@",A8)) -> '0004N01' | Q8: =IF(B8="",IF(ISNUMBER(SEARCH("NOT NULL",UPPER(B$3))),"''","null"),SUBSTITUTE(VLOOKUP(B$2,convert!$A$1:$B$4,2,0),"@@@",B8)) -> 'ヒトカゲ' | R8: =IF(C8="",IF(ISNUMBER(SEARCH("NOT NULL",UPPER(C$3))),"''","null"),SUBSTITUTE(VLOOKUP(C$2,convert!$A$1:$B$4,2,0),"@@@",C8)) -> 39 | S8: =IF(D8="",IF(ISNUMBER(SEARCH("NOT NULL",UPPER(D$3))),"''","null"),SUBSTITUTE(VLOOKUP(D$2,convert!$A$1:$B$4,2,0),"@@@",D8)) -> 52 | T8: =IF(E8="",IF(ISNUMBER(SEARCH("NOT NULL",UPPER(E$3))),"''","null"),SUBSTITUTE(VLOOKUP(E$2,convert!$A$1:$B$4,2,0),"@@@",E8)) -> 43 | U8: =IF(F8="",IF(ISNUMBER(SEARCH("NOT NULL",UPPER(F$3))),"''","null"),SUBSTITUTE(VLOOKUP(F$2,convert!$A$1:$B$4,2,0),"@@@",F8)) -> 60 | V8: =IF(G8="",IF(ISNUMBER(SEARCH("NOT NULL",UPPER(G$3))),"''","null"),SUBSTITUTE(VLOOKUP(G$2,convert!$A$1:$B$4,2,0),"@@@",G8)) -> 50 | W8: =IF(H8="",IF(ISNUMBER(SEARCH("NOT NULL",UPPER(H$3))),"''","null"),SUBSTITUTE(VLOOKUP(H$2,convert!$A$1:$B$4,2,0),"@@@",H8)) -> 65 | ... AD8: =IF(O8="",IF(ISNUMBER(SEARCH("NOT NULL",UPPER(O$3))),"''","null"),SUBSTITUTE(VLOOKUP(O$2,convert!$A$1:$B$4,2,0),"@@@",O8)) -> TRUE | AE8: =" ("&_xlfn.TEXTJOIN(", ",FALSE,P8:AD8)&")," -> ('0004N01', 'ヒトカゲ', 39, 52, 43, 60, 50, 65, '', 'fire', null, 'g1', null, null, TRUE),
A9: 0005N01 | B9: リザード | C9: 58 | D9: 64 | E9: 58 | F9: 80 | G9: 65 | H9: 80 | J9: fire | L9: g1 | O9: TRUE | P9: =IF(A9="",IF(ISNUMBER(SEARCH("NOT NULL",UPPER(A$3))),"''","null"),SUBSTITUTE(VLOOKUP(A$2,convert!$A$1:$B$4,2,0),"@@@",A9)) -> '0005N01' | Q9: =IF(B9="",IF(ISNUMBER(SEARCH("NOT NULL",UPPER(B$3))),"''","null"),SUBSTITUTE(VLOOKUP(B$2,convert!$A$1:$B$4,2,0),"@@@",B9)) -> 'リザード' | R9: =IF(C9="",IF(ISNUMBER(SEARCH("NOT NULL",UPPER(C$3))),"''","null"),SUBSTITUTE(VLOOKUP(C$2,convert!$A$1:$B$4,2,0),"@@@",C9)) -> 58 | S9: =IF(D9="",IF(ISNUMBER(SEARCH("NOT NULL",UPPER(D$3))),"''","null"),SUBSTITUTE(VLOOKUP(D$2,convert!$A$1:$B$4,2,0),"@@@",D9)) -> 64 | T9: =IF(E9="",IF(ISNUMBER(SEARCH("NOT NULL",UPPER(E$3))),"''","null"),SUBSTITUTE(VLOOKUP(E$2,convert!$A$1:$B$4,2,0),"@@@",E9)) -> 58 | U9: =IF(F9="",IF(ISNUMBER(SEARCH("NOT NULL",UPPER(F$3))),"''","null"),SUBSTITUTE(VLOOKUP(F$2,convert!$A$1:$B$4,2,0),"@@@",F9)) -> 80 | V9: =IF(G9="",IF(ISNUMBER(SEARCH("NOT NULL",UPPER(G$3))),"''","null"),SUBSTITUTE(VLOOKUP(G$2,convert!$A$1:$B$4,2,0),"@@@",G9)) -> 65 | W9: =IF(H9="",IF(ISNUMBER(SEARCH("NOT NULL",UPPER(H$3))),"''","null"),SUBSTITUTE(VLOOKUP(H$2,convert!$A$1:$B$4,2,0),"@@@",H9)) -> 80 | ... AD9: =IF(O9="",IF(ISNUMBER(SEARCH("NOT NULL",UPPER(O$3))),"''","null"),SUBSTITUTE(VLOOKUP(O$2,convert!$A$1:$B$4,2,0),"@@@",O9)) -> TRUE | AE9: =" ("&_xlfn.TEXTJOIN(", ",FALSE,P9:AD9)&")," -> ('0005N01', 'リザード', 58, 64, 58, 80, 65, 80, '', 'fire', null, 'g1', null, null, TRUE),
A10: 0006N01 | B10: リザードン | C10: 78 | D10: 84 | E10: 78 | F10: 109 | G10: 85 | H10: 100 | J10: fire | K10: flying | L10: g1 | O10: TRUE | P10: =IF(A10="",IF(ISNUMBER(SEARCH("NOT NULL",UPPER(A$3))),"''","null"),SUBSTITUTE(VLOOKUP(A$2,convert!$A$1:$B$4,2,0),"@@@",A10)) -> '0006N01' | Q10: =IF(B10="",IF(ISNUMBER(SEARCH("NOT NULL",UPPER(B$3))),"''","null"),SUBSTITUTE(VLOOKUP(B$2,convert!$A$1:$B$4,2,0),"@@@",B10)) -> 'リザードン' | R10: =IF(C10="",IF(ISNUMBER(SEARCH("NOT NULL",UPPER(C$3))),"''","null"),SUBSTITUTE(VLOOKUP(C$2,convert!$A$1:$B$4,2,0),"@@@",C10)) -> 78 | S10: =IF(D10="",IF(ISNUMBER(SEARCH("NOT NULL",UPPER(D$3))),"''","null"),SUBSTITUTE(VLOOKUP(D$2,convert!$A$1:$B$4,2,0),"@@@",D10)) -> 84 | T10: =IF(E10="",IF(ISNUMBER(SEARCH("NOT NULL",UPPER(E$3))),"''","null"),SUBSTITUTE(VLOOKUP(E$2,convert!$A$1:$B$4,2,0),"@@@",E10)) -> 78 | U10: =IF(F10="",IF(ISNUMBER(SEARCH("NOT NULL",UPPER(F$3))),"''","null"),SUBSTITUTE(VLOOKUP(F$2,convert!$A$1:$B$4,2,0),"@@@",F10)) -> 109 | V10: =IF(G10="",IF(ISNUMBER(SEARCH("NOT NULL",UPPER(G$3))),"''","null"),SUBSTITUTE(VLOOKUP(G$2,convert!$A$1:$B$4,2,0),"@@@",G10)) -> 85 | W10: =IF(H10="",IF(ISNUMBER(SEARCH("NOT NULL",UPPER(H$3))),"''","null"),SUBSTITUTE(VLOOKUP(H$2,convert!$A$1:$B$4,2,0),"@@@",H10)) -> 100 | ... AD10: =IF(O10="",IF(ISNUMBER(SEARCH("NOT NULL",UPPER(O$3))),"''","null"),SUBSTITUTE(VLOOKUP(O$2,convert!$A$1:$B$4,2,0),"@@@",O10)) -> TRUE | AE10: =" ("&_xlfn.TEXTJOIN(", ",FALSE,P10:AD10)&")," -> ('0006N01', 'リザードン', 78, 84, 78, 109, 85, 100, '', 'fire', 'flying', 'g1', null, null, TRUE),
A11: 0006M01 | B11: メガリザードンX | C11: 78 | D11: 130 | E11: 111 | F11: 130 | G11: 85 | H11: 100 | J11: fire | K11: dragon | L11: g6 | O11: TRUE | P11: =IF(A11="",IF(ISNUMBER(SEARCH("NOT NULL",UPPER(A$3))),"''","null"),SUBSTITUTE(VLOOKUP(A$2,convert!$A$1:$B$4,2,0),"@@@",A11)) -> '0006M01' | Q11: =IF(B11="",IF(ISNUMBER(SEARCH("NOT NULL",UPPER(B$3))),"''","null"),SUBSTITUTE(VLOOKUP(B$2,convert!$A$1:$B$4,2,0),"@@@",B11)) -> 'メガリザードンX' | R11: =IF(C11="",IF(ISNUMBER(SEARCH("NOT NULL",UPPER(C$3))),"''","null"),SUBSTITUTE(VLOOKUP(C$2,convert!$A$1:$B$4,2,0),"@@@",C11)) -> 78 | S11: =IF(D11="",IF(ISNUMBER(SEARCH("NOT NULL",UPPER(D$3))),"''","null"),SUBSTITUTE(VLOOKUP(D$2,convert!$A$1:$B$4,2,0),"@@@",D11)) -> 130 | T11: =IF(E11="",IF(ISNUMBER(SEARCH("NOT NULL",UPPER(E$3))),"''","null"),SUBSTITUTE(VLOOKUP(E$2,convert!$A$1:$B$4,2,0),"@@@",E11)) -> 111 | U11: =IF(F11="",IF(ISNUMBER(SEARCH("NOT NULL",UPPER(F$3))),"''","null"),SUBSTITUTE(VLOOKUP(F$2,convert!$A$1:$B$4,2,0),"@@@",F11)) -> 130 | V11: =IF(G11="",IF(ISNUMBER(SEARCH("NOT NULL",UPPER(G$3))),"''","null"),SUBSTITUTE(VLOOKUP(G$2,convert!$A$1:$B$4,2,0),"@@@",G11)) -> 85 | W11: =IF(H11="",IF(ISNUMBER(SEARCH("NOT NULL",UPPER(H$3))),"''","null"),SUBSTITUTE(VLOOKUP(H$2,convert!$A$1:$B$4,2,0),"@@@",H11)) -> 100 | ... AD11: =IF(O11="",IF(ISNUMBER(SEARCH("NOT NULL",UPPER(O$3))),"''","null"),SUBSTITUTE(VLOOKUP(O$2,convert!$A$1:$B$4,2,0),"@@@",O11)) -> TRUE | AE11: =" ("&_xlfn.TEXTJOIN(", ",FALSE,P11:AD11)&")," -> ('0006M01', 'メガリザードンX', 78, 130, 111, 130, 85, 100, '', 'fire', 'dragon', 'g6', null, null, TRUE),
A12: 0006M02 | B12: メガリザードンY | C12: 78 | D12: 104 | E12: 78 | F12: 159 | G12: 115 | H12: 100 | J12: fire | K12: flying | L12: g6 | O12: TRUE | P12: =IF(A12="",IF(ISNUMBER(SEARCH("NOT NULL",UPPER(A$3))),"''","null"),SUBSTITUTE(VLOOKUP(A$2,convert!$A$1:$B$4,2,0),"@@@",A12)) -> '0006M02' | Q12: =IF(B12="",IF(ISNUMBER(SEARCH("NOT NULL",UPPER(B$3))),"''","null"),SUBSTITUTE(VLOOKUP(B$2,convert!$A$1:$B$4,2,0),"@@@",B12)) -> 'メガリザードンY' | R12: =IF(C12="",IF(ISNUMBER(SEARCH("NOT NULL",UPPER(C$3))),"''","null"),SUBSTITUTE(VLOOKUP(C$2,convert!$A$1:$B$4,2,0),"@@@",C12)) -> 78 | S12: =IF(D12="",IF(ISNUMBER(SEARCH("NOT NULL",UPPER(D$3))),"''","null"),SUBSTITUTE(VLOOKUP(D$2,convert!$A$1:$B$4,2,0),"@@@",D12)) -> 104 | T12: =IF(E12="",IF(ISNUMBER(SEARCH("NOT NULL",UPPER(E$3))),"''","null"),SUBSTITUTE(VLOOKUP(E$2,convert!$A$1:$B$4,2,0),"@@@",E12)) -> 78 | U12: =IF(F12="",IF(ISNUMBER(SEARCH("NOT NULL",UPPER(F$3))),"''","null"),SUBSTITUTE(VLOOKUP(F$2,convert!$A$1:$B$4,2,0),"@@@",F12)) -> 159 | V12: =IF(G12="",IF(ISNUMBER(SEARCH("NOT NULL",UPPER(G$3))),"''","null"),SUBSTITUTE(VLOOKUP(G$2,convert!$A$1:$B$4,2,0),"@@@",G12)) -> 115 | W12: =IF(H12="",IF(ISNUMBER(SEARCH("NOT NULL",UPPER(H$3))),"''","null"),SUBSTITUTE(VLOOKUP(H$2,convert!$A$1:$B$4,2,0),"@@@",H12)) -> 100 | ... AD12: =IF(O12="",IF(ISNUMBER(SEARCH("NOT NULL",UPPER(O$3))),"''","null"),SUBSTITUTE(VLOOKUP(O$2,convert!$A$1:$B$4,2,0),"@@@",O12)) -> TRUE | AE12: =" ("&_xlfn.TEXTJOIN(", ",FALSE,P12:AD12)&")," -> ('0006M02', 'メガリザードンY', 78, 104, 78, 159, 115, 100, '', 'fire', 'flying', 'g6', null, null, TRUE),
A13: 0007N01 | B13: ゼニガメ | C13: 44 | D13: 48 | E13: 65 | F13: 50 | G13: 64 | H13: 43 | J13: water | L13: g1 | O13: TRUE | P13: =IF(A13="",IF(ISNUMBER(SEARCH("NOT NULL",UPPER(A$3))),"''","null"),SUBSTITUTE(VLOOKUP(A$2,convert!$A$1:$B$4,2,0),"@@@",A13)) -> '0007N01' | Q13: =IF(B13="",IF(ISNUMBER(SEARCH("NOT NULL",UPPER(B$3))),"''","null"),SUBSTITUTE(VLOOKUP(B$2,convert!$A$1:$B$4,2,0),"@@@",B13)) -> 'ゼニガメ' | R13: =IF(C13="",IF(ISNUMBER(SEARCH("NOT NULL",UPPER(C$3))),"''","null"),SUBSTITUTE(VLOOKUP(C$2,convert!$A$1:$B$4,2,0),"@@@",C13)) -> 44 | S13: =IF(D13="",IF(ISNUMBER(SEARCH("NOT NULL",UPPER(D$3))),"''","null"),SUBSTITUTE(VLOOKUP(D$2,convert!$A$1:$B$4,2,0),"@@@",D13)) -> 48 | T13: =IF(E13="",IF(ISNUMBER(SEARCH("NOT NULL",UPPER(E$3))),"''","null"),SUBSTITUTE(VLOOKUP(E$2,convert!$A$1:$B$4,2,0),"@@@",E13)) -> 65 | U13: =IF(F13="",IF(ISNUMBER(SEARCH("NOT NULL",UPPER(F$3))),"''","null"),SUBSTITUTE(VLOOKUP(F$2,convert!$A$1:$B$4,2,0),"@@@",F13)) -> 50 | V13: =IF(G13="",IF(ISNUMBER(SEARCH("NOT NULL",UPPER(G$3))),"''","null"),SUBSTITUTE(VLOOKUP(G$2,convert!$A$1:$B$4,2,0),"@@@",G13)) -> 64 | W13: =IF(H13="",IF(ISNUMBER(SEARCH("NOT NULL",UPPER(H$3))),"''","null"),SUBSTITUTE(VLOOKUP(H$2,convert!$A$1:$B$4,2,0),"@@@",H13)) -> 43 | ... AD13: =IF(O13="",IF(ISNUMBER(SEARCH("NOT NULL",UPPER(O$3))),"''","null"),SUBSTITUTE(VLOOKUP(O$2,convert!$A$1:$B$4,2,0),"@@@",O13)) -> TRUE | AE13: =" ("&_xlfn.TEXTJOIN(", ",FALSE,P13:AD13)&")," -> ('0007N01', 'ゼニガメ', 44, 48, 65, 50, 64, 43, '', 'water', null, 'g1', null, null, TRUE),
A14: 0008N01 | B14: カメール | C14: 59 | D14: 63 | E14: 80 | F14: 65 | G14: 80 | H14: 58 | J14: water | L14: g1 | O14: TRUE | P14: =IF(A14="",IF(ISNUMBER(SEARCH("NOT NULL",UPPER(A$3))),"''","null"),SUBSTITUTE(VLOOKUP(A$2,convert!$A$1:$B$4,2,0),"@@@",A14)) -> '0008N01' | Q14: =IF(B14="",IF(ISNUMBER(SEARCH("NOT NULL",UPPER(B$3))),"''","null"),SUBSTITUTE(VLOOKUP(B$2,convert!$A$1:$B$4,2,0),"@@@",B14)) -> 'カメール' | R14: =IF(C14="",IF(ISNUMBER(SEARCH("NOT NULL",UPPER(C$3))),"''","null"),SUBSTITUTE(VLOOKUP(C$2,convert!$A$1:$B$4,2,0),"@@@",C14)) -> 59 | S14: =IF(D14="",IF(ISNUMBER(SEARCH("NOT NULL",UPPER(D$3))),"''","null"),SUBSTITUTE(VLOOKUP(D$2,convert!$A$1:$B$4,2,0),"@@@",D14)) -> 63 | T14: =IF(E14="",IF(ISNUMBER(SEARCH("NOT NULL",UPPER(E$3))),"''","null"),SUBSTITUTE(VLOOKUP(E$2,convert!$A$1:$B$4,2,0),"@@@",E14)) -> 80 | U14: =IF(F14="",IF(ISNUMBER(SEARCH("NOT NULL",UPPER(F$3))),"''","null"),SUBSTITUTE(VLOOKUP(F$2,convert!$A$1:$B$4,2,0),"@@@",F14)) -> 65 | V14: =IF(G14="",IF(ISNUMBER(SEARCH("NOT NULL",UPPER(G$3))),"''","null"),SUBSTITUTE(VLOOKUP(G$2,convert!$A$1:$B$4,2,0),"@@@",G14)) -> 80 | W14: =IF(H14="",IF(ISNUMBER(SEARCH("NOT NULL",UPPER(H$3))),"''","null"),SUBSTITUTE(VLOOKUP(H$2,convert!$A$1:$B$4,2,0),"@@@",H14)) -> 58 | ... AD14: =IF(O14="",IF(ISNUMBER(SEARCH("NOT NULL",UPPER(O$3))),"''","null"),SUBSTITUTE(VLOOKUP(O$2,convert!$A$1:$B$4,2,0),"@@@",O14)) -> TRUE | AE14: =" ("&_xlfn.TEXTJOIN(", ",FALSE,P14:AD14)&")," -> ('0008N01', 'カメール', 59, 63, 80, 65, 80, 58, '', 'water', null, 'g1', null, null, TRUE),
A15: 0009N01 | B15: カメックス | C15: 79 | D15: 83 | E15: 100 | F15: 85 | G15: 105 | H15: 78 | J15: water | L15: g1 | O15: TRUE | P15: =IF(A15="",IF(ISNUMBER(SEARCH("NOT NULL",UPPER(A$3))),"''","null"),SUBSTITUTE(VLOOKUP(A$2,convert!$A$1:$B$4,2,0),"@@@",A15)) -> '0009N01' | Q15: =IF(B15="",IF(ISNUMBER(SEARCH("NOT NULL",UPPER(B$3))),"''","null"),SUBSTITUTE(VLOOKUP(B$2,convert!$A$1:$B$4,2,0),"@@@",B15)) -> 'カメックス' | R15: =IF(C15="",IF(ISNUMBER(SEARCH("NOT NULL",UPPER(C$3))),"''","null"),SUBSTITUTE(VLOOKUP(C$2,convert!$A$1:$B$4,2,0),"@@@",C15)) -> 79 | S15: =IF(D15="",IF(ISNUMBER(SEARCH("NOT NULL",UPPER(D$3))),"''","null"),SUBSTITUTE(VLOOKUP(D$2,convert!$A$1:$B$4,2,0),"@@@",D15)) -> 83 | T15: =IF(E15="",IF(ISNUMBER(SEARCH("NOT NULL",UPPER(E$3))),"''","null"),SUBSTITUTE(VLOOKUP(E$2,convert!$A$1:$B$4,2,0),"@@@",E15)) -> 100 | U15: =IF(F15="",IF(ISNUMBER(SEARCH("NOT NULL",UPPER(F$3))),"''","null"),SUBSTITUTE(VLOOKUP(F$2,convert!$A$1:$B$4,2,0),"@@@",F15)) -> 85 | V15: =IF(G15="",IF(ISNUMBER(SEARCH("NOT NULL",UPPER(G$3))),"''","null"),SUBSTITUTE(VLOOKUP(G$2,convert!$A$1:$B$4,2,0),"@@@",G15)) -> 105 | W15: =IF(H15="",IF(ISNUMBER(SEARCH("NOT NULL",UPPER(H$3))),"''","null"),SUBSTITUTE(VLOOKUP(H$2,convert!$A$1:$B$4,2,0),"@@@",H15)) -> 78 | ... AD15: =IF(O15="",IF(ISNUMBER(SEARCH("NOT NULL",UPPER(O$3))),"''","null"),SUBSTITUTE(VLOOKUP(O$2,convert!$A$1:$B$4,2,0),"@@@",O15)) -> TRUE | AE15: =" ("&_xlfn.TEXTJOIN(", ",FALSE,P15:AD15)&")," -> ('0009N01', 'カメックス', 79, 83, 100, 85, 105, 78, '', 'water', null, 'g1', null, null, TRUE),
A16: 0009M01 | B16: メガカメックス | C16: 79 | D16: 103 | E16: 120 | F16: 135 | G16: 115 | H16: 78 | J16: water | L16: g6 | O16: TRUE | P16: =IF(A16="",IF(ISNUMBER(SEARCH("NOT NULL",UPPER(A$3))),"''","null"),SUBSTITUTE(VLOOKUP(A$2,convert!$A$1:$B$4,2,0),"@@@",A16)) -> '0009M01' | Q16: =IF(B16="",IF(ISNUMBER(SEARCH("NOT NULL",UPPER(B$3))),"''","null"),SUBSTITUTE(VLOOKUP(B$2,convert!$A$1:$B$4,2,0),"@@@",B16)) -> 'メガカメックス' | R16: =IF(C16="",IF(ISNUMBER(SEARCH("NOT NULL",UPPER(C$3))),"''","null"),SUBSTITUTE(VLOOKUP(C$2,convert!$A$1:$B$4,2,0),"@@@",C16)) -> 79 | S16: =IF(D16="",IF(ISNUMBER(SEARCH("NOT NULL",UPPER(D$3))),"''","null"),SUBSTITUTE(VLOOKUP(D$2,convert!$A$1:$B$4,2,0),"@@@",D16)) -> 103 | T16: =IF(E16="",IF(ISNUMBER(SEARCH("NOT NULL",UPPER(E$3))),"''","null"),SUBSTITUTE(VLOOKUP(E$2,convert!$A$1:$B$4,2,0),"@@@",E16)) -> 120 | U16: =IF(F16="",IF(ISNUMBER(SEARCH("NOT NULL",UPPER(F$3))),"''","null"),SUBSTITUTE(VLOOKUP(F$2,convert!$A$1:$B$4,2,0),"@@@",F16)) -> 135 | V16: =IF(G16="",IF(ISNUMBER(SEARCH("NOT NULL",UPPER(G$3))),"''","null"),SUBSTITUTE(VLOOKUP(G$2,convert!$A$1:$B$4,2,0),"@@@",G16)) -> 115 | W16: =IF(H16="",IF(ISNUMBER(SEARCH("NOT NULL",UPPER(H$3))),"''","null"),SUBSTITUTE(VLOOKUP(H$2,convert!$A$1:$B$4,2,0),"@@@",H16)) -> 78 | ... AD16: =IF(O16="",IF(ISNUMBER(SEARCH("NOT NULL",UPPER(O$3))),"''","null"),SUBSTITUTE(VLOOKUP(O$2,convert!$A$1:$B$4,2,0),"@@@",O16)) -> TRUE | AE16: =" ("&_xlfn.TEXTJOIN(", ",FALSE,P16:AD16)&")," -> ('0009M01', 'メガカメックス', 79, 103, 120, 135, 115, 78, '', 'water', null, 'g6', null, null, TRUE),
A17: 0010N01 | B17: キャタピー | C17: 45 | D17: 30 | E17: 35 | F17: 20 | G17: 20 | H17: 45 | J17: bug | L17: g1 | O17: TRUE | P17: =IF(A17="",IF(ISNUMBER(SEARCH("NOT NULL",UPPER(A$3))),"''","null"),SUBSTITUTE(VLOOKUP(A$2,convert!$A$1:$B$4,2,0),"@@@",A17)) -> '0010N01' | Q17: =IF(B17="",IF(ISNUMBER(SEARCH("NOT NULL",UPPER(B$3))),"''","null"),SUBSTITUTE(VLOOKUP(B$2,convert!$A$1:$B$4,2,0),"@@@",B17)) -> 'キャタピー' | R17: =IF(C17="",IF(ISNUMBER(SEARCH("NOT NULL",UPPER(C$3))),"''","null"),SUBSTITUTE(VLOOKUP(C$2,convert!$A$1:$B$4,2,0),"@@@",C17)) -> 45 | S17: =IF(D17="",IF(ISNUMBER(SEARCH("NOT NULL",UPPER(D$3))),"''","null"),SUBSTITUTE(VLOOKUP(D$2,convert!$A$1:$B$4,2,0),"@@@",D17)) -> 30 | T17: =IF(E17="",IF(ISNUMBER(SEARCH("NOT NULL",UPPER(E$3))),"''","null"),SUBSTITUTE(VLOOKUP(E$2,convert!$A$1:$B$4,2,0),"@@@",E17)) -> 35 | U17: =IF(F17="",IF(ISNUMBER(SEARCH("NOT NULL",UPPER(F$3))),"''","null"),SUBSTITUTE(VLOOKUP(F$2,convert!$A$1:$B$4,2,0),"@@@",F17)) -> 20 | V17: =IF(G17="",IF(ISNUMBER(SEARCH("NOT NULL",UPPER(G$3))),"''","null"),SUBSTITUTE(VLOOKUP(G$2,convert!$A$1:$B$4,2,0),"@@@",G17)) -> 20 | W17: =IF(H17="",IF(ISNUMBER(SEARCH("NOT NULL",UPPER(H$3))),"''","null"),SUBSTITUTE(VLOOKUP(H$2,convert!$A$1:$B$4,2,0),"@@@",H17)) -> 45 | ... AD17: =IF(O17="",IF(ISNUMBER(SEARCH("NOT NULL",UPPER(O$3))),"''","null"),SUBSTITUTE(VLOOKUP(O$2,convert!$A$1:$B$4,2,0),"@@@",O17)) -> TRUE | AE17: =" ("&_xlfn.TEXTJOIN(", ",FALSE,P17:AD17)&")," -> ('0010N01', 'キャタピー', 45, 30, 35, 20, 20, 45, '', 'bug', null, 'g1', null, null, TRUE),
A18: 0011N01 | B18: トランセル | C18: 50 | D18: 20 | E18: 55 | F18: 25 | G18: 25 | H18: 30 | J18: bug | L18: g1 | O18: TRUE | P18: =IF(A18="",IF(ISNUMBER(SEARCH("NOT NULL",UPPER(A$3))),"''","null"),SUBSTITUTE(VLOOKUP(A$2,convert!$A$1:$B$4,2,0),"@@@",A18)) -> '0011N01' | Q18: =IF(B18="",IF(ISNUMBER(SEARCH("NOT NULL",UPPER(B$3))),"''","null"),SUBSTITUTE(VLOOKUP(B$2,convert!$A$1:$B$4,2,0),"@@@",B18)) -> 'トランセル' | R18: =IF(C18="",IF(ISNUMBER(SEARCH("NOT NULL",UPPER(C$3))),"''","null"),SUBSTITUTE(VLOOKUP(C$2,convert!$A$1:$B$4,2,0),"@@@",C18)) -> 50 | S18: =IF(D18="",IF(ISNUMBER(SEARCH("NOT NULL",UPPER(D$3))),"''","null"),SUBSTITUTE(VLOOKUP(D$2,convert!$A$1:$B$4,2,0),"@@@",D18)) -> 20 | T18: =IF(E18="",IF(ISNUMBER(SEARCH("NOT NULL",UPPER(E$3))),"''","null"),SUBSTITUTE(VLOOKUP(E$2,convert!$A$1:$B$4,2,0),"@@@",E18)) -> 55 | U18: =IF(F18="",IF(ISNUMBER(SEARCH("NOT NULL",UPPER(F$3))),"''","null"),SUBSTITUTE(VLOOKUP(F$2,convert!$A$1:$B$4,2,0),"@@@",F18)) -> 25 | V18: =IF(G18="",IF(ISNUMBER(SEARCH("NOT NULL",UPPER(G$3))),"''","null"),SUBSTITUTE(VLOOKUP(G$2,convert!$A$1:$B$4,2,0),"@@@",G18)) -> 25 | W18: =IF(H18="",IF(ISNUMBER(SEARCH("NOT NULL",UPPER(H$3))),"''","null"),SUBSTITUTE(VLOOKUP(H$2,convert!$A$1:$B$4,2,0),"@@@",H18)) -> 30 | ... AD18: =IF(O18="",IF(ISNUMBER(SEARCH("NOT NULL",UPPER(O$3))),"''","null"),SUBSTITUTE(VLOOKUP(O$2,convert!$A$1:$B$4,2,0),"@@@",O18)) -> TRUE | AE18: =" ("&_xlfn.TEXTJOIN(", ",FALSE,P18:AD18)&")," -> ('0011N01', 'トランセル', 50, 20, 55, 25, 25, 30, '', 'bug', null, 'g1', null, null, TRUE),
A19: 0012N01 | B19: バタフリー | C19: 60 | D19: 45 | E19: 50 | F19: 90 | G19: 80 | H19: 70 | J19: bug | K19: flying | L19: g1 | O19: TRUE | P19: =IF(A19="",IF(ISNUMBER(SEARCH("NOT NULL",UPPER(A$3))),"''","null"),SUBSTITUTE(VLOOKUP(A$2,convert!$A$1:$B$4,2,0),"@@@",A19)) -> '0012N01' | Q19: =IF(B19="",IF(ISNUMBER(SEARCH("NOT NULL",UPPER(B$3))),"''","null"),SUBSTITUTE(VLOOKUP(B$2,convert!$A$1:$B$4,2,0),"@@@",B19)) -> 'バタフリー' | R19: =IF(C19="",IF(ISNUMBER(SEARCH("NOT NULL",UPPER(C$3))),"''","null"),SUBSTITUTE(VLOOKUP(C$2,convert!$A$1:$B$4,2,0),"@@@",C19)) -> 60 | S19: =IF(D19="",IF(ISNUMBER(SEARCH("NOT NULL",UPPER(D$3))),"''","null"),SUBSTITUTE(VLOOKUP(D$2,convert!$A$1:$B$4,2,0),"@@@",D19)) -> 45 | T19: =IF(E19="",IF(ISNUMBER(SEARCH("NOT NULL",UPPER(E$3))),"''","null"),SUBSTITUTE(VLOOKUP(E$2,convert!$A$1:$B$4,2,0),"@@@",E19)) -> 50 | U19: =IF(F19="",IF(ISNUMBER(SEARCH("NOT NULL",UPPER(F$3))),"''","null"),SUBSTITUTE(VLOOKUP(F$2,convert!$A$1:$B$4,2,0),"@@@",F19)) -> 90 | V19: =IF(G19="",IF(ISNUMBER(SEARCH("NOT NULL",UPPER(G$3))),"''","null"),SUBSTITUTE(VLOOKUP(G$2,convert!$A$1:$B$4,2,0),"@@@",G19)) -> 80 | W19: =IF(H19="",IF(ISNUMBER(SEARCH("NOT NULL",UPPER(H$3))),"''","null"),SUBSTITUTE(VLOOKUP(H$2,convert!$A$1:$B$4,2,0),"@@@",H19)) -> 70 | ... AD19: =IF(O19="",IF(ISNUMBER(SEARCH("NOT NULL",UPPER(O$3))),"''","null"),SUBSTITUTE(VLOOKUP(O$2,convert!$A$1:$B$4,2,0),"@@@",O19)) -> TRUE | AE19: =" ("&_xlfn.TEXTJOIN(", ",FALSE,P19:AD19)&")," -> ('0012N01', 'バタフリー', 60, 45, 50, 90, 80, 70, '', 'bug', 'flying', 'g1', null, null, TRUE),
A20: 0013N01 | B20: ビードル | C20: 40 | D20: 35 | E20: 30 | F20: 20 | G20: 20 | H20: 50 | J20: bug | K20: poison | L20: g1 | O20: TRUE | P20: =IF(A20="",IF(ISNUMBER(SEARCH("NOT NULL",UPPER(A$3))),"''","null"),SUBSTITUTE(VLOOKUP(A$2,convert!$A$1:$B$4,2,0),"@@@",A20)) -> '0013N01' | Q20: =IF(B20="",IF(ISNUMBER(SEARCH("NOT NULL",UPPER(B$3))),"''","null"),SUBSTITUTE(VLOOKUP(B$2,convert!$A$1:$B$4,2,0),"@@@",B20)) -> 'ビードル' | R20: =IF(C20="",IF(ISNUMBER(SEARCH("NOT NULL",UPPER(C$3))),"''","null"),SUBSTITUTE(VLOOKUP(C$2,convert!$A$1:$B$4,2,0),"@@@",C20)) -> 40 | S20: =IF(D20="",IF(ISNUMBER(SEARCH("NOT NULL",UPPER(D$3))),"''","null"),SUBSTITUTE(VLOOKUP(D$2,convert!$A$1:$B$4,2,0),"@@@",D20)) -> 35 | T20: =IF(E20="",IF(ISNUMBER(SEARCH("NOT NULL",UPPER(E$3))),"''","null"),SUBSTITUTE(VLOOKUP(E$2,convert!$A$1:$B$4,2,0),"@@@",E20)) -> 30 | U20: =IF(F20="",IF(ISNUMBER(SEARCH("NOT NULL",UPPER(F$3))),"''","null"),SUBSTITUTE(VLOOKUP(F$2,convert!$A$1:$B$4,2,0),"@@@",F20)) -> 20 | V20: =IF(G20="",IF(ISNUMBER(SEARCH("NOT NULL",UPPER(G$3))),"''","null"),SUBSTITUTE(VLOOKUP(G$2,convert!$A$1:$B$4,2,0),"@@@",G20)) -> 20 | W20: =IF(H20="",IF(ISNUMBER(SEARCH("NOT NULL",UPPER(H$3))),"''","null"),SUBSTITUTE(VLOOKUP(H$2,convert!$A$1:$B$4,2,0),"@@@",H20)) -> 50 | ... AD20: =IF(O20="",IF(ISNUMBER(SEARCH("NOT NULL",UPPER(O$3))),"''","null"),SUBSTITUTE(VLOOKUP(O$2,convert!$A$1:$B$4,2,0),"@@@",O20)) -> TRUE | AE20: =" ("&_xlfn.TEXTJOIN(", ",FALSE,P20:AD20)&")," -> ('0013N01', 'ビードル', 40, 35, 30, 20, 20, 50, '', 'bug', 'poison', 'g1', null, null, TRUE),
A21: 0014N01 | B21: コクーン | C21: 45 | D21: 25 | E21: 50 | F21: 25 | G21: 25 | H21: 35 | J21: bug | K21: poison | L21: g1 | O21: TRUE | P21: =IF(A21="",IF(ISNUMBER(SEARCH("NOT NULL",UPPER(A$3))),"''","null"),SUBSTITUTE(VLOOKUP(A$2,convert!$A$1:$B$4,2,0),"@@@",A21)) -> '0014N01' | Q21: =IF(B21="",IF(ISNUMBER(SEARCH("NOT NULL",UPPER(B$3))),"''","null"),SUBSTITUTE(VLOOKUP(B$2,convert!$A$1:$B$4,2,0),"@@@",B21)) -> 'コクーン' | R21: =IF(C21="",IF(ISNUMBER(SEARCH("NOT NULL",UPPER(C$3))),"''","null"),SUBSTITUTE(VLOOKUP(C$2,convert!$A$1:$B$4,2,0),"@@@",C21)) -> 45 | S21: =IF(D21="",IF(ISNUMBER(SEARCH("NOT NULL",UPPER(D$3))),"''","null"),SUBSTITUTE(VLOOKUP(D$2,convert!$A$1:$B$4,2,0),"@@@",D21)) -> 25 | T21: =IF(E21="",IF(ISNUMBER(SEARCH("NOT NULL",UPPER(E$3))),"''","null"),SUBSTITUTE(VLOOKUP(E$2,convert!$A$1:$B$4,2,0),"@@@",E21)) -> 50 | U21: =IF(F21="",IF(ISNUMBER(SEARCH("NOT NULL",UPPER(F$3))),"''","null"),SUBSTITUTE(VLOOKUP(F$2,convert!$A$1:$B$4,2,0),"@@@",F21)) -> 25 | V21: =IF(G21="",IF(ISNUMBER(SEARCH("NOT NULL",UPPER(G$3))),"''","null"),SUBSTITUTE(VLOOKUP(G$2,convert!$A$1:$B$4,2,0),"@@@",G21)) -> 25 | W21: =IF(H21="",IF(ISNUMBER(SEARCH("NOT NULL",UPPER(H$3))),"''","null"),SUBSTITUTE(VLOOKUP(H$2,convert!$A$1:$B$4,2,0),"@@@",H21)) -> 35 | ... AD21: =IF(O21="",IF(ISNUMBER(SEARCH("NOT NULL",UPPER(O$3))),"''","null"),SUBSTITUTE(VLOOKUP(O$2,convert!$A$1:$B$4,2,0),"@@@",O21)) -> TRUE | AE21: =" ("&_xlfn.TEXTJOIN(", ",FALSE,P21:AD21)&")," -> ('0014N01', 'コクーン', 45, 25, 50, 25, 25, 35, '', 'bug', 'poison', 'g1', null, null, TRUE),
A22: 0015N01 | B22: スピアー | C22: 65 | D22: 90 | E22: 40 | F22: 45 | G22: 80 | H22: 75 | J22: bug | K22: poison | L22: g1 | O22: TRUE | P22: =IF(A22="",IF(ISNUMBER(SEARCH("NOT NULL",UPPER(A$3))),"''","null"),SUBSTITUTE(VLOOKUP(A$2,convert!$A$1:$B$4,2,0),"@@@",A22)) -> '0015N01' | Q22: =IF(B22="",IF(ISNUMBER(SEARCH("NOT NULL",UPPER(B$3))),"''","null"),SUBSTITUTE(VLOOKUP(B$2,convert!$A$1:$B$4,2,0),"@@@",B22)) -> 'スピアー' | R22: =IF(C22="",IF(ISNUMBER(SEARCH("NOT NULL",UPPER(C$3))),"''","null"),SUBSTITUTE(VLOOKUP(C$2,convert!$A$1:$B$4,2,0),"@@@",C22)) -> 65 | S22: =IF(D22="",IF(ISNUMBER(SEARCH("NOT NULL",UPPER(D$3))),"''","null"),SUBSTITUTE(VLOOKUP(D$2,convert!$A$1:$B$4,2,0),"@@@",D22)) -> 90 | T22: =IF(E22="",IF(ISNUMBER(SEARCH("NOT NULL",UPPER(E$3))),"''","null"),SUBSTITUTE(VLOOKUP(E$2,convert!$A$1:$B$4,2,0),"@@@",E22)) -> 40 | U22: =IF(F22="",IF(ISNUMBER(SEARCH("NOT NULL",UPPER(F$3))),"''","null"),SUBSTITUTE(VLOOKUP(F$2,convert!$A$1:$B$4,2,0),"@@@",F22)) -> 45 | V22: =IF(G22="",IF(ISNUMBER(SEARCH("NOT NULL",UPPER(G$3))),"''","null"),SUBSTITUTE(VLOOKUP(G$2,convert!$A$1:$B$4,2,0),"@@@",G22)) -> 80 | W22: =IF(H22="",IF(ISNUMBER(SEARCH("NOT NULL",UPPER(H$3))),"''","null"),SUBSTITUTE(VLOOKUP(H$2,convert!$A$1:$B$4,2,0),"@@@",H22)) -> 75 | ... AD22: =IF(O22="",IF(ISNUMBER(SEARCH("NOT NULL",UPPER(O$3))),"''","null"),SUBSTITUTE(VLOOKUP(O$2,convert!$A$1:$B$4,2,0),"@@@",O22)) -> TRUE | AE22: =" ("&_xlfn.TEXTJOIN(", ",FALSE,P22:AD22)&")," -> ('0015N01', 'スピアー', 65, 90, 40, 45, 80, 75, '', 'bug', 'poison', 'g1', null, null, TRUE),
A23: 0015M01 | B23: メガスピアー | C23: 65 | D23: 150 | E23: 40 | F23: 15 | G23: 80 | H23: 145 | J23: bug | K23: poison | L23: g6oras | O23: TRUE | P23: =IF(A23="",IF(ISNUMBER(SEARCH("NOT NULL",UPPER(A$3))),"''","null"),SUBSTITUTE(VLOOKUP(A$2,convert!$A$1:$B$4,2,0),"@@@",A23)) -> '0015M01' | Q23: =IF(B23="",IF(ISNUMBER(SEARCH("NOT NULL",UPPER(B$3))),"''","null"),SUBSTITUTE(VLOOKUP(B$2,convert!$A$1:$B$4,2,0),"@@@",B23)) -> 'メガスピアー' | R23: =IF(C23="",IF(ISNUMBER(SEARCH("NOT NULL",UPPER(C$3))),"''","null"),SUBSTITUTE(VLOOKUP(C$2,convert!$A$1:$B$4,2,0),"@@@",C23)) -> 65 | S23: =IF(D23="",IF(ISNUMBER(SEARCH("NOT NULL",UPPER(D$3))),"''","null"),SUBSTITUTE(VLOOKUP(D$2,convert!$A$1:$B$4,2,0),"@@@",D23)) -> 150 | T23: =IF(E23="",IF(ISNUMBER(SEARCH("NOT NULL",UPPER(E$3))),"''","null"),SUBSTITUTE(VLOOKUP(E$2,convert!$A$1:$B$4,2,0),"@@@",E23)) -> 40 | U23: =IF(F23="",IF(ISNUMBER(SEARCH("NOT NULL",UPPER(F$3))),"''","null"),SUBSTITUTE(VLOOKUP(F$2,convert!$A$1:$B$4,2,0),"@@@",F23)) -> 15 | V23: =IF(G23="",IF(ISNUMBER(SEARCH("NOT NULL",UPPER(G$3))),"''","null"),SUBSTITUTE(VLOOKUP(G$2,convert!$A$1:$B$4,2,0),"@@@",G23)) -> 80 | W23: =IF(H23="",IF(ISNUMBER(SEARCH("NOT NULL",UPPER(H$3))),"''","null"),SUBSTITUTE(VLOOKUP(H$2,convert!$A$1:$B$4,2,0),"@@@",H23)) -> 145 | ... AD23: =IF(O23="",IF(ISNUMBER(SEARCH("NOT NULL",UPPER(O$3))),"''","null"),SUBSTITUTE(VLOOKUP(O$2,convert!$A$1:$B$4,2,0),"@@@",O23)) -> TRUE | AE23: =" ("&_xlfn.TEXTJOIN(", ",FALSE,P23:AD23)&")," -> ('0015M01', 'メガスピアー', 65, 150, 40, 15, 80, 145, '', 'bug', 'poison', 'g6oras', null, null, TRUE),
A24: 0016N01 | B24: ポッポ | C24: 40 | D24: 45 | E24: 40 | F24: 35 | G24: 35 | H24: 56 | J24: normal | K24: flying | L24: g1 | O24: TRUE | P24: =IF(A24="",IF(ISNUMBER(SEARCH("NOT NULL",UPPER(A$3))),"''","null"),SUBSTITUTE(VLOOKUP(A$2,convert!$A$1:$B$4,2,0),"@@@",A24)) -> '0016N01' | Q24: =IF(B24="",IF(ISNUMBER(SEARCH("NOT NULL",UPPER(B$3))),"''","null"),SUBSTITUTE(VLOOKUP(B$2,convert!$A$1:$B$4,2,0),"@@@",B24)) -> 'ポッポ' | R24: =IF(C24="",IF(ISNUMBER(SEARCH("NOT NULL",UPPER(C$3))),"''","null"),SUBSTITUTE(VLOOKUP(C$2,convert!$A$1:$B$4,2,0),"@@@",C24)) -> 40 | S24: =IF(D24="",IF(ISNUMBER(SEARCH("NOT NULL",UPPER(D$3))),"''","null"),SUBSTITUTE(VLOOKUP(D$2,convert!$A$1:$B$4,2,0),"@@@",D24)) -> 45 | T24: =IF(E24="",IF(ISNUMBER(SEARCH("NOT NULL",UPPER(E$3))),"''","null"),SUBSTITUTE(VLOOKUP(E$2,convert!$A$1:$B$4,2,0),"@@@",E24)) -> 40 | U24: =IF(F24="",IF(ISNUMBER(SEARCH("NOT NULL",UPPER(F$3))),"''","null"),SUBSTITUTE(VLOOKUP(F$2,convert!$A$1:$B$4,2,0),"@@@",F24)) -> 35 | V24: =IF(G24="",IF(ISNUMBER(SEARCH("NOT NULL",UPPER(G$3))),"''","null"),SUBSTITUTE(VLOOKUP(G$2,convert!$A$1:$B$4,2,0),"@@@",G24)) -> 35 | W24: =IF(H24="",IF(ISNUMBER(SEARCH("NOT NULL",UPPER(H$3))),"''","null"),SUBSTITUTE(VLOOKUP(H$2,convert!$A$1:$B$4,2,0),"@@@",H24)) -> 56 | ... AD24: =IF(O24="",IF(ISNUMBER(SEARCH("NOT NULL",UPPER(O$3))),"''","null"),SUBSTITUTE(VLOOKUP(O$2,convert!$A$1:$B$4,2,0),"@@@",O24)) -> TRUE | AE24: =" ("&_xlfn.TEXTJOIN(", ",FALSE,P24:AD24)&")," -> ('0016N01', 'ポッポ', 40, 45, 40, 35, 35, 56, '', 'normal', 'flying', 'g1', null, null, TRUE),
A25: 0017N01 | B25: ピジョン | C25: 63 | D25: 60 | E25: 55 | F25: 50 | G25: 50 | H25: 71 | J25: normal | K25: flying | L25: g1 | O25: TRUE | P25: =IF(A25="",IF(ISNUMBER(SEARCH("NOT NULL",UPPER(A$3))),"''","null"),SUBSTITUTE(VLOOKUP(A$2,convert!$A$1:$B$4,2,0),"@@@",A25)) -> '0017N01' | Q25: =IF(B25="",IF(ISNUMBER(SEARCH("NOT NULL",UPPER(B$3))),"''","null"),SUBSTITUTE(VLOOKUP(B$2,convert!$A$1:$B$4,2,0),"@@@",B25)) -> 'ピジョン' | R25: =IF(C25="",IF(ISNUMBER(SEARCH("NOT NULL",UPPER(C$3))),"''","null"),SUBSTITUTE(VLOOKUP(C$2,convert!$A$1:$B$4,2,0),"@@@",C25)) -> 63 | S25: =IF(D25="",IF(ISNUMBER(SEARCH("NOT NULL",UPPER(D$3))),"''","null"),SUBSTITUTE(VLOOKUP(D$2,convert!$A$1:$B$4,2,0),"@@@",D25)) -> 60 | T25: =IF(E25="",IF(ISNUMBER(SEARCH("NOT NULL",UPPER(E$3))),"''","null"),SUBSTITUTE(VLOOKUP(E$2,convert!$A$1:$B$4,2,0),"@@@",E25)) -> 55 | U25: =IF(F25="",IF(ISNUMBER(SEARCH("NOT NULL",UPPER(F$3))),"''","null"),SUBSTITUTE(VLOOKUP(F$2,convert!$A$1:$B$4,2,0),"@@@",F25)) -> 50 | V25: =IF(G25="",IF(ISNUMBER(SEARCH("NOT NULL",UPPER(G$3))),"''","null"),SUBSTITUTE(VLOOKUP(G$2,convert!$A$1:$B$4,2,0),"@@@",G25)) -> 50 | W25: =IF(H25="",IF(ISNUMBER(SEARCH("NOT NULL",UPPER(H$3))),"''","null"),SUBSTITUTE(VLOOKUP(H$2,convert!$A$1:$B$4,2,0),"@@@",H25)) -> 71 | ... AD25: =IF(O25="",IF(ISNUMBER(SEARCH("NOT NULL",UPPER(O$3))),"''","null"),SUBSTITUTE(VLOOKUP(O$2,convert!$A$1:$B$4,2,0),"@@@",O25)) -> TRUE | AE25: =" ("&_xlfn.TEXTJOIN(", ",FALSE,P25:AD25)&")," -> ('0017N01', 'ピジョン', 63, 60, 55, 50, 50, 71, '', 'normal', 'flying', 'g1', null, null, TRUE),
A26: 0018N01 | B26: ピジョット | C26: 83 | D26: 80 | E26: 75 | F26: 70 | G26: 70 | H26: 101 | J26: normal | K26: flying | L26: g1 | O26: TRUE | P26: =IF(A26="",IF(ISNUMBER(SEARCH("NOT NULL",UPPER(A$3))),"''","null"),SUBSTITUTE(VLOOKUP(A$2,convert!$A$1:$B$4,2,0),"@@@",A26)) -> '0018N01' | Q26: =IF(B26="",IF(ISNUMBER(SEARCH("NOT NULL",UPPER(B$3))),"''","null"),SUBSTITUTE(VLOOKUP(B$2,convert!$A$1:$B$4,2,0),"@@@",B26)) -> 'ピジョット' | R26: =IF(C26="",IF(ISNUMBER(SEARCH("NOT NULL",UPPER(C$3))),"''","null"),SUBSTITUTE(VLOOKUP(C$2,convert!$A$1:$B$4,2,0),"@@@",C26)) -> 83 | S26: =IF(D26="",IF(ISNUMBER(SEARCH("NOT NULL",UPPER(D$3))),"''","null"),SUBSTITUTE(VLOOKUP(D$2,convert!$A$1:$B$4,2,0),"@@@",D26)) -> 80 | T26: =IF(E26="",IF(ISNUMBER(SEARCH("NOT NULL",UPPER(E$3))),"''","null"),SUBSTITUTE(VLOOKUP(E$2,convert!$A$1:$B$4,2,0),"@@@",E26)) -> 75 | U26: =IF(F26="",IF(ISNUMBER(SEARCH("NOT NULL",UPPER(F$3))),"''","null"),SUBSTITUTE(VLOOKUP(F$2,convert!$A$1:$B$4,2,0),"@@@",F26)) -> 70 | V26: =IF(G26="",IF(ISNUMBER(SEARCH("NOT NULL",UPPER(G$3))),"''","null"),SUBSTITUTE(VLOOKUP(G$2,convert!$A$1:$B$4,2,0),"@@@",G26)) -> 70 | W26: =IF(H26="",IF(ISNUMBER(SEARCH("NOT NULL",UPPER(H$3))),"''","null"),SUBSTITUTE(VLOOKUP(H$2,convert!$A$1:$B$4,2,0),"@@@",H26)) -> 101 | ... AD26: =IF(O26="",IF(ISNUMBER(SEARCH("NOT NULL",UPPER(O$3))),"''","null"),SUBSTITUTE(VLOOKUP(O$2,convert!$A$1:$B$4,2,0),"@@@",O26)) -> TRUE | AE26: =" ("&_xlfn.TEXTJOIN(", ",FALSE,P26:AD26)&")," -> ('0018N01', 'ピジョット', 83, 80, 75, 70, 70, 101, '', 'normal', 'flying', 'g1', null, null, TRUE),
A27: 0018M01 | B27: メガピジョット | C27: 83 | D27: 80 | E27: 80 | F27: 135 | G27: 80 | H27: 121 | J27: normal | K27: flying | L27: g6oras | O27: TRUE | P27: =IF(A27="",IF(ISNUMBER(SEARCH("NOT NULL",UPPER(A$3))),"''","null"),SUBSTITUTE(VLOOKUP(A$2,convert!$A$1:$B$4,2,0),"@@@",A27)) -> '0018M01' | Q27: =IF(B27="",IF(ISNUMBER(SEARCH("NOT NULL",UPPER(B$3))),"''","null"),SUBSTITUTE(VLOOKUP(B$2,convert!$A$1:$B$4,2,0),"@@@",B27)) -> 'メガピジョット' | R27: =IF(C27="",IF(ISNUMBER(SEARCH("NOT NULL",UPPER(C$3))),"''","null"),SUBSTITUTE(VLOOKUP(C$2,convert!$A$1:$B$4,2,0),"@@@",C27)) -> 83 | S27: =IF(D27="",IF(ISNUMBER(SEARCH("NOT NULL",UPPER(D$3))),"''","null"),SUBSTITUTE(VLOOKUP(D$2,convert!$A$1:$B$4,2,0),"@@@",D27)) -> 80 | T27: =IF(E27="",IF(ISNUMBER(SEARCH("NOT NULL",UPPER(E$3))),"''","null"),SUBSTITUTE(VLOOKUP(E$2,convert!$A$1:$B$4,2,0),"@@@",E27)) -> 80 | U27: =IF(F27="",IF(ISNUMBER(SEARCH("NOT NULL",UPPER(F$3))),"''","null"),SUBSTITUTE(VLOOKUP(F$2,convert!$A$1:$B$4,2,0),"@@@",F27)) -> 135 | V27: =IF(G27="",IF(ISNUMBER(SEARCH("NOT NULL",UPPER(G$3))),"''","null"),SUBSTITUTE(VLOOKUP(G$2,convert!$A$1:$B$4,2,0),"@@@",G27)) -> 80 | W27: =IF(H27="",IF(ISNUMBER(SEARCH("NOT NULL",UPPER(H$3))),"''","null"),SUBSTITUTE(VLOOKUP(H$2,convert!$A$1:$B$4,2,0),"@@@",H27)) -> 121 | ... AD27: =IF(O27="",IF(ISNUMBER(SEARCH("NOT NULL",UPPER(O$3))),"''","null"),SUBSTITUTE(VLOOKUP(O$2,convert!$A$1:$B$4,2,0),"@@@",O27)) -> TRUE | AE27: =" ("&_xlfn.TEXTJOIN(", ",FALSE,P27:AD27)&")," -> ('0018M01', 'メガピジョット', 83, 80, 80, 135, 80, 121, '', 'normal', 'flying', 'g6oras', null, null, TRUE),
A28: 0019N01 | B28: コラッタ | C28: 30 | D28: 56 | E28: 35 | F28: 25 | G28: 35 | H28: 72 | J28: normal | L28: g1 | O28: TRUE | P28: =IF(A28="",IF(ISNUMBER(SEARCH("NOT NULL",UPPER(A$3))),"''","null"),SUBSTITUTE(VLOOKUP(A$2,convert!$A$1:$B$4,2,0),"@@@",A28)) -> '0019N01' | Q28: =IF(B28="",IF(ISNUMBER(SEARCH("NOT NULL",UPPER(B$3))),"''","null"),SUBSTITUTE(VLOOKUP(B$2,convert!$A$1:$B$4,2,0),"@@@",B28)) -> 'コラッタ' | R28: =IF(C28="",IF(ISNUMBER(SEARCH("NOT NULL",UPPER(C$3))),"''","null"),SUBSTITUTE(VLOOKUP(C$2,convert!$A$1:$B$4,2,0),"@@@",C28)) -> 30 | S28: =IF(D28="",IF(ISNUMBER(SEARCH("NOT NULL",UPPER(D$3))),"''","null"),SUBSTITUTE(VLOOKUP(D$2,convert!$A$1:$B$4,2,0),"@@@",D28)) -> 56 | T28: =IF(E28="",IF(ISNUMBER(SEARCH("NOT NULL",UPPER(E$3))),"''","null"),SUBSTITUTE(VLOOKUP(E$2,convert!$A$1:$B$4,2,0),"@@@",E28)) -> 35 | U28: =IF(F28="",IF(ISNUMBER(SEARCH("NOT NULL",UPPER(F$3))),"''","null"),SUBSTITUTE(VLOOKUP(F$2,convert!$A$1:$B$4,2,0),"@@@",F28)) -> 25 | V28: =IF(G28="",IF(ISNUMBER(SEARCH("NOT NULL",UPPER(G$3))),"''","null"),SUBSTITUTE(VLOOKUP(G$2,convert!$A$1:$B$4,2,0),"@@@",G28)) -> 35 | W28: =IF(H28="",IF(ISNUMBER(SEARCH("NOT NULL",UPPER(H$3))),"''","null"),SUBSTITUTE(VLOOKUP(H$2,convert!$A$1:$B$4,2,0),"@@@",H28)) -> 72 | ... AD28: =IF(O28="",IF(ISNUMBER(SEARCH("NOT NULL",UPPER(O$3))),"''","null"),SUBSTITUTE(VLOOKUP(O$2,convert!$A$1:$B$4,2,0),"@@@",O28)) -> TRUE | AE28: =" ("&_xlfn.TEXTJOIN(", ",FALSE,P28:AD28)&")," -> ('0019N01', 'コラッタ', 30, 56, 35, 25, 35, 72, '', 'normal', null, 'g1', null, null, TRUE),
A29: 0019A01 | B29: コラッタ | C29: 30 | D29: 56 | E29: 35 | F29: 25 | G29: 35 | H29: 72 | I29: アローラのすがた | J29: dark | K29: normal | L29: g7 | O29: TRUE | P29: =IF(A29="",IF(ISNUMBER(SEARCH("NOT NULL",UPPER(A$3))),"''","null"),SUBSTITUTE(VLOOKUP(A$2,convert!$A$1:$B$4,2,0),"@@@",A29)) -> '0019A01' | Q29: =IF(B29="",IF(ISNUMBER(SEARCH("NOT NULL",UPPER(B$3))),"''","null"),SUBSTITUTE(VLOOKUP(B$2,convert!$A$1:$B$4,2,0),"@@@",B29)) -> 'コラッタ' | R29: =IF(C29="",IF(ISNUMBER(SEARCH("NOT NULL",UPPER(C$3))),"''","null"),SUBSTITUTE(VLOOKUP(C$2,convert!$A$1:$B$4,2,0),"@@@",C29)) -> 30 | S29: =IF(D29="",IF(ISNUMBER(SEARCH("NOT NULL",UPPER(D$3))),"''","null"),SUBSTITUTE(VLOOKUP(D$2,convert!$A$1:$B$4,2,0),"@@@",D29)) -> 56 | T29: =IF(E29="",IF(ISNUMBER(SEARCH("NOT NULL",UPPER(E$3))),"''","null"),SUBSTITUTE(VLOOKUP(E$2,convert!$A$1:$B$4,2,0),"@@@",E29)) -> 35 | U29: =IF(F29="",IF(ISNUMBER(SEARCH("NOT NULL",UPPER(F$3))),"''","null"),SUBSTITUTE(VLOOKUP(F$2,convert!$A$1:$B$4,2,0),"@@@",F29)) -> 25 | V29: =IF(G29="",IF(ISNUMBER(SEARCH("NOT NULL",UPPER(G$3))),"''","null"),SUBSTITUTE(VLOOKUP(G$2,convert!$A$1:$B$4,2,0),"@@@",G29)) -> 35 | W29: =IF(H29="",IF(ISNUMBER(SEARCH("NOT NULL",UPPER(H$3))),"''","null"),SUBSTITUTE(VLOOKUP(H$2,convert!$A$1:$B$4,2,0),"@@@",H29)) -> 72 | ... AD29: =IF(O29="",IF(ISNUMBER(SEARCH("NOT NULL",UPPER(O$3))),"''","null"),SUBSTITUTE(VLOOKUP(O$2,convert!$A$1:$B$4,2,0),"@@@",O29)) -> TRUE | AE29: =" ("&_xlfn.TEXTJOIN(", ",FALSE,P29:AD29)&")," -> ('0019A01', 'コラッタ', 30, 56, 35, 25, 35, 72, 'アローラのすがた', 'dark', 'normal', 'g7', null, null, TRUE),
A30: 0020N01 | B30: ラッタ | C30: 55 | D30: 81 | E30: 60 | F30: 50 | G30: 70 | H30: 97 | J30: normal | L30: g1 | O30: TRUE | P30: =IF(A30="",IF(ISNUMBER(SEARCH("NOT NULL",UPPER(A$3))),"''","null"),SUBSTITUTE(VLOOKUP(A$2,convert!$A$1:$B$4,2,0),"@@@",A30)) -> '0020N01' | Q30: =IF(B30="",IF(ISNUMBER(SEARCH("NOT NULL",UPPER(B$3))),"''","null"),SUBSTITUTE(VLOOKUP(B$2,convert!$A$1:$B$4,2,0),"@@@",B30)) -> 'ラッタ' | R30: =IF(C30="",IF(ISNUMBER(SEARCH("NOT NULL",UPPER(C$3))),"''","null"),SUBSTITUTE(VLOOKUP(C$2,convert!$A$1:$B$4,2,0),"@@@",C30)) -> 55 | S30: =IF(D30="",IF(ISNUMBER(SEARCH("NOT NULL",UPPER(D$3))),"''","null"),SUBSTITUTE(VLOOKUP(D$2,convert!$A$1:$B$4,2,0),"@@@",D30)) -> 81 | T30: =IF(E30="",IF(ISNUMBER(SEARCH("NOT NULL",UPPER(E$3))),"''","null"),SUBSTITUTE(VLOOKUP(E$2,convert!$A$1:$B$4,2,0),"@@@",E30)) -> 60 | U30: =IF(F30="",IF(ISNUMBER(SEARCH("NOT NULL",UPPER(F$3))),"''","null"),SUBSTITUTE(VLOOKUP(F$2,convert!$A$1:$B$4,2,0),"@@@",F30)) -> 50 | V30: =IF(G30="",IF(ISNUMBER(SEARCH("NOT NULL",UPPER(G$3))),"''","null"),SUBSTITUTE(VLOOKUP(G$2,convert!$A$1:$B$4,2,0),"@@@",G30)) -> 70 | W30: =IF(H30="",IF(ISNUMBER(SEARCH("NOT NULL",UPPER(H$3))),"''","null"),SUBSTITUTE(VLOOKUP(H$2,convert!$A$1:$B$4,2,0),"@@@",H30)) -> 97 | ... AD30: =IF(O30="",IF(ISNUMBER(SEARCH("NOT NULL",UPPER(O$3))),"''","null"),SUBSTITUTE(VLOOKUP(O$2,convert!$A$1:$B$4,2,0),"@@@",O30)) -> TRUE | AE30: =" ("&_xlfn.TEXTJOIN(", ",FALSE,P30:AD30)&")," -> ('0020N01', 'ラッタ', 55, 81, 60, 50, 70, 97, '', 'normal', null, 'g1', null, null, TRUE),
A31: 0020A01 | B31: ラッタ | C31: 75 | D31: 71 | E31: 70 | F31: 40 | G31: 80 | H31: 77 | I31: アローラのすがた | J31: dark | K31: normal | L31: g7 | O31: TRUE | P31: =IF(A31="",IF(ISNUMBER(SEARCH("NOT NULL",UPPER(A$3))),"''","null"),SUBSTITUTE(VLOOKUP(A$2,convert!$A$1:$B$4,2,0),"@@@",A31)) -> '0020A01' | Q31: =IF(B31="",IF(ISNUMBER(SEARCH("NOT NULL",UPPER(B$3))),"''","null"),SUBSTITUTE(VLOOKUP(B$2,convert!$A$1:$B$4,2,0),"@@@",B31)) -> 'ラッタ' | R31: =IF(C31="",IF(ISNUMBER(SEARCH("NOT NULL",UPPER(C$3))),"''","null"),SUBSTITUTE(VLOOKUP(C$2,convert!$A$1:$B$4,2,0),"@@@",C31)) -> 75 | S31: =IF(D31="",IF(ISNUMBER(SEARCH("NOT NULL",UPPER(D$3))),"''","null"),SUBSTITUTE(VLOOKUP(D$2,convert!$A$1:$B$4,2,0),"@@@",D31)) -> 71 | T31: =IF(E31="",IF(ISNUMBER(SEARCH("NOT NULL",UPPER(E$3))),"''","null"),SUBSTITUTE(VLOOKUP(E$2,convert!$A$1:$B$4,2,0),"@@@",E31)) -> 70 | U31: =IF(F31="",IF(ISNUMBER(SEARCH("NOT NULL",UPPER(F$3))),"''","null"),SUBSTITUTE(VLOOKUP(F$2,convert!$A$1:$B$4,2,0),"@@@",F31)) -> 40 | V31: =IF(G31="",IF(ISNUMBER(SEARCH("NOT NULL",UPPER(G$3))),"''","null"),SUBSTITUTE(VLOOKUP(G$2,convert!$A$1:$B$4,2,0),"@@@",G31)) -> 80 | W31: =IF(H31="",IF(ISNUMBER(SEARCH("NOT NULL",UPPER(H$3))),"''","null"),SUBSTITUTE(VLOOKUP(H$2,convert!$A$1:$B$4,2,0),"@@@",H31)) -> 77 | ... AD31: =IF(O31="",IF(ISNUMBER(SEARCH("NOT NULL",UPPER(O$3))),"''","null"),SUBSTITUTE(VLOOKUP(O$2,convert!$A$1:$B$4,2,0),"@@@",O31)) -> TRUE | AE31: =" ("&_xlfn.TEXTJOIN(", ",FALSE,P31:AD31)&")," -> ('0020A01', 'ラッタ', 75, 71, 70, 40, 80, 77, 'アローラのすがた', 'dark', 'normal', 'g7', null, null, TRUE),
A32: 0021N01 | B32: オニスズメ | C32: 40 | D32: 60 | E32: 30 | F32: 31 | G32: 31 | H32: 70 | J32: normal | K32: flying | L32: g1 | O32: TRUE | P32: =IF(A32="",IF(ISNUMBER(SEARCH("NOT NULL",UPPER(A$3))),"''","null"),SUBSTITUTE(VLOOKUP(A$2,convert!$A$1:$B$4,2,0),"@@@",A32)) -> '0021N01' | Q32: =IF(B32="",IF(ISNUMBER(SEARCH("NOT NULL",UPPER(B$3))),"''","null"),SUBSTITUTE(VLOOKUP(B$2,convert!$A$1:$B$4,2,0),"@@@",B32)) -> 'オニスズメ' | R32: =IF(C32="",IF(ISNUMBER(SEARCH("NOT NULL",UPPER(C$3))),"''","null"),SUBSTITUTE(VLOOKUP(C$2,convert!$A$1:$B$4,2,0),"@@@",C32)) -> 40 | S32: =IF(D32="",IF(ISNUMBER(SEARCH("NOT NULL",UPPER(D$3))),"''","null"),SUBSTITUTE(VLOOKUP(D$2,convert!$A$1:$B$4,2,0),"@@@",D32)) -> 60 | T32: =IF(E32="",IF(ISNUMBER(SEARCH("NOT NULL",UPPER(E$3))),"''","null"),SUBSTITUTE(VLOOKUP(E$2,convert!$A$1:$B$4,2,0),"@@@",E32)) -> 30 | U32: =IF(F32="",IF(ISNUMBER(SEARCH("NOT NULL",UPPER(F$3))),"''","null"),SUBSTITUTE(VLOOKUP(F$2,convert!$A$1:$B$4,2,0),"@@@",F32)) -> 31 | V32: =IF(G32="",IF(ISNUMBER(SEARCH("NOT NULL",UPPER(G$3))),"''","null"),SUBSTITUTE(VLOOKUP(G$2,convert!$A$1:$B$4,2,0),"@@@",G32)) -> 31 | W32: =IF(H32="",IF(ISNUMBER(SEARCH("NOT NULL",UPPER(H$3))),"''","null"),SUBSTITUTE(VLOOKUP(H$2,convert!$A$1:$B$4,2,0),"@@@",H32)) -> 70 | ... AD32: =IF(O32="",IF(ISNUMBER(SEARCH("NOT NULL",UPPER(O$3))),"''","null"),SUBSTITUTE(VLOOKUP(O$2,convert!$A$1:$B$4,2,0),"@@@",O32)) -> TRUE | AE32: =" ("&_xlfn.TEXTJOIN(", ",FALSE,P32:AD32)&")," -> ('0021N01', 'オニスズメ', 40, 60, 30, 31, 31, 70, '', 'normal', 'flying', 'g1', null, null, TRUE),
A33: 0022N01 | B33: オニドリル | C33: 65 | D33: 90 | E33: 65 | F33: 61 | G33: 61 | H33: 100 | J33: normal | K33: flying | L33: g1 | O33: TRUE | P33: =IF(A33="",IF(ISNUMBER(SEARCH("NOT NULL",UPPER(A$3))),"''","null"),SUBSTITUTE(VLOOKUP(A$2,convert!$A$1:$B$4,2,0),"@@@",A33)) -> '0022N01' | Q33: =IF(B33="",IF(ISNUMBER(SEARCH("NOT NULL",UPPER(B$3))),"''","null"),SUBSTITUTE(VLOOKUP(B$2,convert!$A$1:$B$4,2,0),"@@@",B33)) -> 'オニドリル' | R33: =IF(C33="",IF(ISNUMBER(SEARCH("NOT NULL",UPPER(C$3))),"''","null"),SUBSTITUTE(VLOOKUP(C$2,convert!$A$1:$B$4,2,0),"@@@",C33)) -> 65 | S33: =IF(D33="",IF(ISNUMBER(SEARCH("NOT NULL",UPPER(D$3))),"''","null"),SUBSTITUTE(VLOOKUP(D$2,convert!$A$1:$B$4,2,0),"@@@",D33)) -> 90 | T33: =IF(E33="",IF(ISNUMBER(SEARCH("NOT NULL",UPPER(E$3))),"''","null"),SUBSTITUTE(VLOOKUP(E$2,convert!$A$1:$B$4,2,0),"@@@",E33)) -> 65 | U33: =IF(F33="",IF(ISNUMBER(SEARCH("NOT NULL",UPPER(F$3))),"''","null"),SUBSTITUTE(VLOOKUP(F$2,convert!$A$1:$B$4,2,0),"@@@",F33)) -> 61 | V33: =IF(G33="",IF(ISNUMBER(SEARCH("NOT NULL",UPPER(G$3))),"''","null"),SUBSTITUTE(VLOOKUP(G$2,convert!$A$1:$B$4,2,0),"@@@",G33)) -> 61 | W33: =IF(H33="",IF(ISNUMBER(SEARCH("NOT NULL",UPPER(H$3))),"''","null"),SUBSTITUTE(VLOOKUP(H$2,convert!$A$1:$B$4,2,0),"@@@",H33)) -> 100 | ... AD33: =IF(O33="",IF(ISNUMBER(SEARCH("NOT NULL",UPPER(O$3))),"''","null"),SUBSTITUTE(VLOOKUP(O$2,convert!$A$1:$B$4,2,0),"@@@",O33)) -> TRUE | AE33: =" ("&_xlfn.TEXTJOIN(", ",FALSE,P33:AD33)&")," -> ('0022N01', 'オニドリル', 65, 90, 65, 61, 61, 100, '', 'normal', 'flying', 'g1', null, null, TRUE),
A34: 0023N01 | B34: アーボ | C34: 35 | D34: 60 | E34: 44 | F34: 40 | G34: 54 | H34: 55 | J34: poison | L34: g1 | O34: TRUE | P34: =IF(A34="",IF(ISNUMBER(SEARCH("NOT NULL",UPPER(A$3))),"''","null"),SUBSTITUTE(VLOOKUP(A$2,convert!$A$1:$B$4,2,0),"@@@",A34)) -> '0023N01' | Q34: =IF(B34="",IF(ISNUMBER(SEARCH("NOT NULL",UPPER(B$3))),"''","null"),SUBSTITUTE(VLOOKUP(B$2,convert!$A$1:$B$4,2,0),"@@@",B34)) -> 'アーボ' | R34: =IF(C34="",IF(ISNUMBER(SEARCH("NOT NULL",UPPER(C$3))),"''","null"),SUBSTITUTE(VLOOKUP(C$2,convert!$A$1:$B$4,2,0),"@@@",C34)) -> 35 | S34: =IF(D34="",IF(ISNUMBER(SEARCH("NOT NULL",UPPER(D$3))),"''","null"),SUBSTITUTE(VLOOKUP(D$2,convert!$A$1:$B$4,2,0),"@@@",D34)) -> 60 | T34: =IF(E34="",IF(ISNUMBER(SEARCH("NOT NULL",UPPER(E$3))),"''","null"),SUBSTITUTE(VLOOKUP(E$2,convert!$A$1:$B$4,2,0),"@@@",E34)) -> 44 | U34: =IF(F34="",IF(ISNUMBER(SEARCH("NOT NULL",UPPER(F$3))),"''","null"),SUBSTITUTE(VLOOKUP(F$2,convert!$A$1:$B$4,2,0),"@@@",F34)) -> 40 | V34: =IF(G34="",IF(ISNUMBER(SEARCH("NOT NULL",UPPER(G$3))),"''","null"),SUBSTITUTE(VLOOKUP(G$2,convert!$A$1:$B$4,2,0),"@@@",G34)) -> 54 | W34: =IF(H34="",IF(ISNUMBER(SEARCH("NOT NULL",UPPER(H$3))),"''","null"),SUBSTITUTE(VLOOKUP(H$2,convert!$A$1:$B$4,2,0),"@@@",H34)) -> 55 | ... AD34: =IF(O34="",IF(ISNUMBER(SEARCH("NOT NULL",UPPER(O$3))),"''","null"),SUBSTITUTE(VLOOKUP(O$2,convert!$A$1:$B$4,2,0),"@@@",O34)) -> TRUE | AE34: =" ("&_xlfn.TEXTJOIN(", ",FALSE,P34:AD34)&")," -> ('0023N01', 'アーボ', 35, 60, 44, 40, 54, 55, '', 'poison', null, 'g1', null, null, TRUE),
A35: 0024N01 | B35: アーボック | C35: 60 | D35: 95 | E35: 69 | F35: 65 | G35: 79 | H35: 80 | J35: poison | L35: g1 | O35: TRUE | P35: =IF(A35="",IF(ISNUMBER(SEARCH("NOT NULL",UPPER(A$3))),"''","null"),SUBSTITUTE(VLOOKUP(A$2,convert!$A$1:$B$4,2,0),"@@@",A35)) -> '0024N01' | Q35: =IF(B35="",IF(ISNUMBER(SEARCH("NOT NULL",UPPER(B$3))),"''","null"),SUBSTITUTE(VLOOKUP(B$2,convert!$A$1:$B$4,2,0),"@@@",B35)) -> 'アーボック' | R35: =IF(C35="",IF(ISNUMBER(SEARCH("NOT NULL",UPPER(C$3))),"''","null"),SUBSTITUTE(VLOOKUP(C$2,convert!$A$1:$B$4,2,0),"@@@",C35)) -> 60 | S35: =IF(D35="",IF(ISNUMBER(SEARCH("NOT NULL",UPPER(D$3))),"''","null"),SUBSTITUTE(VLOOKUP(D$2,convert!$A$1:$B$4,2,0),"@@@",D35)) -> 95 | T35: =IF(E35="",IF(ISNUMBER(SEARCH("NOT NULL",UPPER(E$3))),"''","null"),SUBSTITUTE(VLOOKUP(E$2,convert!$A$1:$B$4,2,0),"@@@",E35)) -> 69 | U35: =IF(F35="",IF(ISNUMBER(SEARCH("NOT NULL",UPPER(F$3))),"''","null"),SUBSTITUTE(VLOOKUP(F$2,convert!$A$1:$B$4,2,0),"@@@",F35)) -> 65 | V35: =IF(G35="",IF(ISNUMBER(SEARCH("NOT NULL",UPPER(G$3))),"''","null"),SUBSTITUTE(VLOOKUP(G$2,convert!$A$1:$B$4,2,0),"@@@",G35)) -> 79 | W35: =IF(H35="",IF(ISNUMBER(SEARCH("NOT NULL",UPPER(H$3))),"''","null"),SUBSTITUTE(VLOOKUP(H$2,convert!$A$1:$B$4,2,0),"@@@",H35)) -> 80 | ... AD35: =IF(O35="",IF(ISNUMBER(SEARCH("NOT NULL",UPPER(O$3))),"''","null"),SUBSTITUTE(VLOOKUP(O$2,convert!$A$1:$B$4,2,0),"@@@",O35)) -> TRUE | AE35: =" ("&_xlfn.TEXTJOIN(", ",FALSE,P35:AD35)&")," -> ('0024N01', 'アーボック', 60, 95, 69, 65, 79, 80, '', 'poison', null, 'g1', null, null, TRUE),
A36: 0025N01 | B36: ピカチュウ | C36: 35 | D36: 55 | E36: 40 | F36: 50 | G36: 50 | H36: 90 | J36: electric | L36: g1 | O36: TRUE | P36: =IF(A36="",IF(ISNUMBER(SEARCH("NOT NULL",UPPER(A$3))),"''","null"),SUBSTITUTE(VLOOKUP(A$2,convert!$A$1:$B$4,2,0),"@@@",A36)) -> '0025N01' | Q36: =IF(B36="",IF(ISNUMBER(SEARCH("NOT NULL",UPPER(B$3))),"''","null"),SUBSTITUTE(VLOOKUP(B$2,convert!$A$1:$B$4,2,0),"@@@",B36)) -> 'ピカチュウ' | R36: =IF(C36="",IF(ISNUMBER(SEARCH("NOT NULL",UPPER(C$3))),"''","null"),SUBSTITUTE(VLOOKUP(C$2,convert!$A$1:$B$4,2,0),"@@@",C36)) -> 35 | S36: =IF(D36="",IF(ISNUMBER(SEARCH("NOT NULL",UPPER(D$3))),"''","null"),SUBSTITUTE(VLOOKUP(D$2,convert!$A$1:$B$4,2,0),"@@@",D36)) -> 55 | T36: =IF(E36="",IF(ISNUMBER(SEARCH("NOT NULL",UPPER(E$3))),"''","null"),SUBSTITUTE(VLOOKUP(E$2,convert!$A$1:$B$4,2,0),"@@@",E36)) -> 40 | U36: =IF(F36="",IF(ISNUMBER(SEARCH("NOT NULL",UPPER(F$3))),"''","null"),SUBSTITUTE(VLOOKUP(F$2,convert!$A$1:$B$4,2,0),"@@@",F36)) -> 50 | V36: =IF(G36="",IF(ISNUMBER(SEARCH("NOT NULL",UPPER(G$3))),"''","null"),SUBSTITUTE(VLOOKUP(G$2,convert!$A$1:$B$4,2,0),"@@@",G36)) -> 50 | W36: =IF(H36="",IF(ISNUMBER(SEARCH("NOT NULL",UPPER(H$3))),"''","null"),SUBSTITUTE(VLOOKUP(H$2,convert!$A$1:$B$4,2,0),"@@@",H36)) -> 90 | ... AD36: =IF(O36="",IF(ISNUMBER(SEARCH("NOT NULL",UPPER(O$3))),"''","null"),SUBSTITUTE(VLOOKUP(O$2,convert!$A$1:$B$4,2,0),"@@@",O36)) -> TRUE | AE36: =" ("&_xlfn.TEXTJOIN(", ",FALSE,P36:AD36)&")," -> ('0025N01', 'ピカチュウ', 35, 55, 40, 50, 50, 90, '', 'electric', null, 'g1', null, null, TRUE),
A37: 0025N02 | B37: ピカチュウ | C37: 45 | D37: 80 | E37: 50 | F37: 75 | G37: 60 | H37: 120 | I37: 相棒 | J37: electric | L37: g7pv | O37: FALSE | P37: =IF(A37="",IF(ISNUMBER(SEARCH("NOT NULL",UPPER(A$3))),"''","null"),SUBSTITUTE(VLOOKUP(A$2,convert!$A$1:$B$4,2,0),"@@@",A37)) -> '0025N02' | Q37: =IF(B37="",IF(ISNUMBER(SEARCH("NOT NULL",UPPER(B$3))),"''","null"),SUBSTITUTE(VLOOKUP(B$2,convert!$A$1:$B$4,2,0),"@@@",B37)) -> 'ピカチュウ' | R37: =IF(C37="",IF(ISNUMBER(SEARCH("NOT NULL",UPPER(C$3))),"''","null"),SUBSTITUTE(VLOOKUP(C$2,convert!$A$1:$B$4,2,0),"@@@",C37)) -> 45 | S37: =IF(D37="",IF(ISNUMBER(SEARCH("NOT NULL",UPPER(D$3))),"''","null"),SUBSTITUTE(VLOOKUP(D$2,convert!$A$1:$B$4,2,0),"@@@",D37)) -> 80 | T37: =IF(E37="",IF(ISNUMBER(SEARCH("NOT NULL",UPPER(E$3))),"''","null"),SUBSTITUTE(VLOOKUP(E$2,convert!$A$1:$B$4,2,0),"@@@",E37)) -> 50 | U37: =IF(F37="",IF(ISNUMBER(SEARCH("NOT NULL",UPPER(F$3))),"''","null"),SUBSTITUTE(VLOOKUP(F$2,convert!$A$1:$B$4,2,0),"@@@",F37)) -> 75 | V37: =IF(G37="",IF(ISNUMBER(SEARCH("NOT NULL",UPPER(G$3))),"''","null"),SUBSTITUTE(VLOOKUP(G$2,convert!$A$1:$B$4,2,0),"@@@",G37)) -> 60 | W37: =IF(H37="",IF(ISNUMBER(SEARCH("NOT NULL",UPPER(H$3))),"''","null"),SUBSTITUTE(VLOOKUP(H$2,convert!$A$1:$B$4,2,0),"@@@",H37)) -> 120 | ... AD37: =IF(O37="",IF(ISNUMBER(SEARCH("NOT NULL",UPPER(O$3))),"''","null"),SUBSTITUTE(VLOOKUP(O$2,convert!$A$1:$B$4,2,0),"@@@",O37)) -> FALSE | AE37: =" ("&_xlfn.TEXTJOIN(", ",FALSE,P37:AD37)&")," -> ('0025N02', 'ピカチュウ', 45, 80, 50, 75, 60, 120, '相棒', 'electric', null, 'g7pv', null, null, FALSE),
A38: 0026N01 | B38: ライチュウ | C38: 60 | D38: 90 | E38: 55 | F38: 90 | G38: 80 | H38: 110 | J38: electric | L38: g1 | O38: TRUE | P38: =IF(A38="",IF(ISNUMBER(SEARCH("NOT NULL",UPPER(A$3))),"''","null"),SUBSTITUTE(VLOOKUP(A$2,convert!$A$1:$B$4,2,0),"@@@",A38)) -> '0026N01' | Q38: =IF(B38="",IF(ISNUMBER(SEARCH("NOT NULL",UPPER(B$3))),"''","null"),SUBSTITUTE(VLOOKUP(B$2,convert!$A$1:$B$4,2,0),"@@@",B38)) -> 'ライチュウ' | R38: =IF(C38="",IF(ISNUMBER(SEARCH("NOT NULL",UPPER(C$3))),"''","null"),SUBSTITUTE(VLOOKUP(C$2,convert!$A$1:$B$4,2,0),"@@@",C38)) -> 60 | S38: =IF(D38="",IF(ISNUMBER(SEARCH("NOT NULL",UPPER(D$3))),"''","null"),SUBSTITUTE(VLOOKUP(D$2,convert!$A$1:$B$4,2,0),"@@@",D38)) -> 90 | T38: =IF(E38="",IF(ISNUMBER(SEARCH("NOT NULL",UPPER(E$3))),"''","null"),SUBSTITUTE(VLOOKUP(E$2,convert!$A$1:$B$4,2,0),"@@@",E38)) -> 55 | U38: =IF(F38="",IF(ISNUMBER(SEARCH("NOT NULL",UPPER(F$3))),"''","null"),SUBSTITUTE(VLOOKUP(F$2,convert!$A$1:$B$4,2,0),"@@@",F38)) -> 90 | V38: =IF(G38="",IF(ISNUMBER(SEARCH("NOT NULL",UPPER(G$3))),"''","null"),SUBSTITUTE(VLOOKUP(G$2,convert!$A$1:$B$4,2,0),"@@@",G38)) -> 80 | W38: =IF(H38="",IF(ISNUMBER(SEARCH("NOT NULL",UPPER(H$3))),"''","null"),SUBSTITUTE(VLOOKUP(H$2,convert!$A$1:$B$4,2,0),"@@@",H38)) -> 110 | ... AD38: =IF(O38="",IF(ISNUMBER(SEARCH("NOT NULL",UPPER(O$3))),"''","null"),SUBSTITUTE(VLOOKUP(O$2,convert!$A$1:$B$4,2,0),"@@@",O38)) -> TRUE | AE38: =" ("&_xlfn.TEXTJOIN(", ",FALSE,P38:AD38)&")," -> ('0026N01', 'ライチュウ', 60, 90, 55, 90, 80, 110, '', 'electric', null, 'g1', null, null, TRUE),
A39: 0026A01 | B39: ライチュウ | C39: 60 | D39: 85 | E39: 50 | F39: 95 | G39: 85 | H39: 110 | I39: アローラのすがた | J39: electric | K39: psychic | L39: g7 | O39: TRUE | P39: =IF(A39="",IF(ISNUMBER(SEARCH("NOT NULL",UPPER(A$3))),"''","null"),SUBSTITUTE(VLOOKUP(A$2,convert!$A$1:$B$4,2,0),"@@@",A39)) -> '0026A01' | Q39: =IF(B39="",IF(ISNUMBER(SEARCH("NOT NULL",UPPER(B$3))),"''","null"),SUBSTITUTE(VLOOKUP(B$2,convert!$A$1:$B$4,2,0),"@@@",B39)) -> 'ライチュウ' | R39: =IF(C39="",IF(ISNUMBER(SEARCH("NOT NULL",UPPER(C$3))),"''","null"),SUBSTITUTE(VLOOKUP(C$2,convert!$A$1:$B$4,2,0),"@@@",C39)) -> 60 | S39: =IF(D39="",IF(ISNUMBER(SEARCH("NOT NULL",UPPER(D$3))),"''","null"),SUBSTITUTE(VLOOKUP(D$2,convert!$A$1:$B$4,2,0),"@@@",D39)) -> 85 | T39: =IF(E39="",IF(ISNUMBER(SEARCH("NOT NULL",UPPER(E$3))),"''","null"),SUBSTITUTE(VLOOKUP(E$2,convert!$A$1:$B$4,2,0),"@@@",E39)) -> 50 | U39: =IF(F39="",IF(ISNUMBER(SEARCH("NOT NULL",UPPER(F$3))),"''","null"),SUBSTITUTE(VLOOKUP(F$2,convert!$A$1:$B$4,2,0),"@@@",F39)) -> 95 | V39: =IF(G39="",IF(ISNUMBER(SEARCH("NOT NULL",UPPER(G$3))),"''","null"),SUBSTITUTE(VLOOKUP(G$2,convert!$A$1:$B$4,2,0),"@@@",G39)) -> 85 | W39: =IF(H39="",IF(ISNUMBER(SEARCH("NOT NULL",UPPER(H$3))),"''","null"),SUBSTITUTE(VLOOKUP(H$2,convert!$A$1:$B$4,2,0),"@@@",H39)) -> 110 | ... AD39: =IF(O39="",IF(ISNUMBER(SEARCH("NOT NULL",UPPER(O$3))),"''","null"),SUBSTITUTE(VLOOKUP(O$2,convert!$A$1:$B$4,2,0),"@@@",O39)) -> TRUE | AE39: =" ("&_xlfn.TEXTJOIN(", ",FALSE,P39:AD39)&")," -> ('0026A01', 'ライチュウ', 60, 85, 50, 95, 85, 110, 'アローラのすがた', 'electric', 'psychic', 'g7', null, null, TRUE),
A40: 0027N01 | B40: サンド | C40: 50 | D40: 75 | E40: 85 | F40: 20 | G40: 30 | H40: 40 | J40: ground | L40: g1 | O40: TRUE | P40: =IF(A40="",IF(ISNUMBER(SEARCH("NOT NULL",UPPER(A$3))),"''","null"),SUBSTITUTE(VLOOKUP(A$2,convert!$A$1:$B$4,2,0),"@@@",A40)) -> '0027N01' | Q40: =IF(B40="",IF(ISNUMBER(SEARCH("NOT NULL",UPPER(B$3))),"''","null"),SUBSTITUTE(VLOOKUP(B$2,convert!$A$1:$B$4,2,0),"@@@",B40)) -> 'サンド' | R40: =IF(C40="",IF(ISNUMBER(SEARCH("NOT NULL",UPPER(C$3))),"''","null"),SUBSTITUTE(VLOOKUP(C$2,convert!$A$1:$B$4,2,0),"@@@",C40)) -> 50 | S40: =IF(D40="",IF(ISNUMBER(SEARCH("NOT NULL",UPPER(D$3))),"''","null"),SUBSTITUTE(VLOOKUP(D$2,convert!$A$1:$B$4,2,0),"@@@",D40)) -> 75 | T40: =IF(E40="",IF(ISNUMBER(SEARCH("NOT NULL",UPPER(E$3))),"''","null"),SUBSTITUTE(VLOOKUP(E$2,convert!$A$1:$B$4,2,0),"@@@",E40)) -> 85 | U40: =IF(F40="",IF(ISNUMBER(SEARCH("NOT NULL",UPPER(F$3))),"''","null"),SUBSTITUTE(VLOOKUP(F$2,convert!$A$1:$B$4,2,0),"@@@",F40)) -> 20 | V40: =IF(G40="",IF(ISNUMBER(SEARCH("NOT NULL",UPPER(G$3))),"''","null"),SUBSTITUTE(VLOOKUP(G$2,convert!$A$1:$B$4,2,0),"@@@",G40)) -> 30 | W40: =IF(H40="",IF(ISNUMBER(SEARCH("NOT NULL",UPPER(H$3))),"''","null"),SUBSTITUTE(VLOOKUP(H$2,convert!$A$1:$B$4,2,0),"@@@",H40)) -> 40 | ... AD40: =IF(O40="",IF(ISNUMBER(SEARCH("NOT NULL",UPPER(O$3))),"''","null"),SUBSTITUTE(VLOOKUP(O$2,convert!$A$1:$B$4,2,0),"@@@",O40)) -> TRUE | AE40: =" ("&_xlfn.TEXTJOIN(", ",FALSE,P40:AD40)&")," -> ('0027N01', 'サンド', 50, 75, 85, 20, 30, 40, '', 'ground', null, 'g1', null, null, TRUE),
A41: 0027A01 | B41: サンド | C41: 50 | D41: 75 | E41: 90 | F41: 10 | G41: 35 | H41: 40 | I41: アローラのすがた | J41: ice | K41: steel | L41: g7 | O41: TRUE | P41: =IF(A41="",IF(ISNUMBER(SEARCH("NOT NULL",UPPER(A$3))),"''","null"),SUBSTITUTE(VLOOKUP(A$2,convert!$A$1:$B$4,2,0),"@@@",A41)) -> '0027A01' | Q41: =IF(B41="",IF(ISNUMBER(SEARCH("NOT NULL",UPPER(B$3))),"''","null"),SUBSTITUTE(VLOOKUP(B$2,convert!$A$1:$B$4,2,0),"@@@",B41)) -> 'サンド' | R41: =IF(C41="",IF(ISNUMBER(SEARCH("NOT NULL",UPPER(C$3))),"''","null"),SUBSTITUTE(VLOOKUP(C$2,convert!$A$1:$B$4,2,0),"@@@",C41)) -> 50 | S41: =IF(D41="",IF(ISNUMBER(SEARCH("NOT NULL",UPPER(D$3))),"''","null"),SUBSTITUTE(VLOOKUP(D$2,convert!$A$1:$B$4,2,0),"@@@",D41)) -> 75 | T41: =IF(E41="",IF(ISNUMBER(SEARCH("NOT NULL",UPPER(E$3))),"''","null"),SUBSTITUTE(VLOOKUP(E$2,convert!$A$1:$B$4,2,0),"@@@",E41)) -> 90 | U41: =IF(F41="",IF(ISNUMBER(SEARCH("NOT NULL",UPPER(F$3))),"''","null"),SUBSTITUTE(VLOOKUP(F$2,convert!$A$1:$B$4,2,0),"@@@",F41)) -> 10 | V41: =IF(G41="",IF(ISNUMBER(SEARCH("NOT NULL",UPPER(G$3))),"''","null"),SUBSTITUTE(VLOOKUP(G$2,convert!$A$1:$B$4,2,0),"@@@",G41)) -> 35 | W41: =IF(H41="",IF(ISNUMBER(SEARCH("NOT NULL",UPPER(H$3))),"''","null"),SUBSTITUTE(VLOOKUP(H$2,convert!$A$1:$B$4,2,0),"@@@",H41)) -> 40 | ... AD41: =IF(O41="",IF(ISNUMBER(SEARCH("NOT NULL",UPPER(O$3))),"''","null"),SUBSTITUTE(VLOOKUP(O$2,convert!$A$1:$B$4,2,0),"@@@",O41)) -> TRUE | AE41: =" ("&_xlfn.TEXTJOIN(", ",FALSE,P41:AD41)&")," -> ('0027A01', 'サンド', 50, 75, 90, 10, 35, 40, 'アローラのすがた', 'ice', 'steel', 'g7', null, null, TRUE),
A42: 0028N01 | B42: サンドパン | C42: 75 | D42: 100 | E42: 110 | F42: 45 | G42: 55 | H42: 65 | J42: ground | L42: g1 | O42: TRUE | P42: =IF(A42="",IF(ISNUMBER(SEARCH("NOT NULL",UPPER(A$3))),"''","null"),SUBSTITUTE(VLOOKUP(A$2,convert!$A$1:$B$4,2,0),"@@@",A42)) -> '0028N01' | Q42: =IF(B42="",IF(ISNUMBER(SEARCH("NOT NULL",UPPER(B$3))),"''","null"),SUBSTITUTE(VLOOKUP(B$2,convert!$A$1:$B$4,2,0),"@@@",B42)) -> 'サンドパン' | R42: =IF(C42="",IF(ISNUMBER(SEARCH("NOT NULL",UPPER(C$3))),"''","null"),SUBSTITUTE(VLOOKUP(C$2,convert!$A$1:$B$4,2,0),"@@@",C42)) -> 75 | S42: =IF(D42="",IF(ISNUMBER(SEARCH("NOT NULL",UPPER(D$3))),"''","null"),SUBSTITUTE(VLOOKUP(D$2,convert!$A$1:$B$4,2,0),"@@@",D42)) -> 100 | T42: =IF(E42="",IF(ISNUMBER(SEARCH("NOT NULL",UPPER(E$3))),"''","null"),SUBSTITUTE(VLOOKUP(E$2,convert!$A$1:$B$4,2,0),"@@@",E42)) -> 110 | U42: =IF(F42="",IF(ISNUMBER(SEARCH("NOT NULL",UPPER(F$3))),"''","null"),SUBSTITUTE(VLOOKUP(F$2,convert!$A$1:$B$4,2,0),"@@@",F42)) -> 45 | V42: =IF(G42="",IF(ISNUMBER(SEARCH("NOT NULL",UPPER(G$3))),"''","null"),SUBSTITUTE(VLOOKUP(G$2,convert!$A$1:$B$4,2,0),"@@@",G42)) -> 55 | W42: =IF(H42="",IF(ISNUMBER(SEARCH("NOT NULL",UPPER(H$3))),"''","null"),SUBSTITUTE(VLOOKUP(H$2,convert!$A$1:$B$4,2,0),"@@@",H42)) -> 65 | ... AD42: =IF(O42="",IF(ISNUMBER(SEARCH("NOT NULL",UPPER(O$3))),"''","null"),SUBSTITUTE(VLOOKUP(O$2,convert!$A$1:$B$4,2,0),"@@@",O42)) -> TRUE | AE42: =" ("&_xlfn.TEXTJOIN(", ",FALSE,P42:AD42)&")," -> ('0028N01', 'サンドパン', 75, 100, 110, 45, 55, 65, '', 'ground', null, 'g1', null, null, TRUE),
A43: 0028A01 | B43: サンドパン | C43: 75 | D43: 100 | E43: 120 | F43: 25 | G43: 65 | H43: 65 | I43: アローラのすがた | J43: ice | K43: steel | L43: g7 | O43: TRUE | P43: =IF(A43="",IF(ISNUMBER(SEARCH("NOT NULL",UPPER(A$3))),"''","null"),SUBSTITUTE(VLOOKUP(A$2,convert!$A$1:$B$4,2,0),"@@@",A43)) -> '0028A01' | Q43: =IF(B43="",IF(ISNUMBER(SEARCH("NOT NULL",UPPER(B$3))),"''","null"),SUBSTITUTE(VLOOKUP(B$2,convert!$A$1:$B$4,2,0),"@@@",B43)) -> 'サンドパン' | R43: =IF(C43="",IF(ISNUMBER(SEARCH("NOT NULL",UPPER(C$3))),"''","null"),SUBSTITUTE(VLOOKUP(C$2,convert!$A$1:$B$4,2,0),"@@@",C43)) -> 75 | S43: =IF(D43="",IF(ISNUMBER(SEARCH("NOT NULL",UPPER(D$3))),"''","null"),SUBSTITUTE(VLOOKUP(D$2,convert!$A$1:$B$4,2,0),"@@@",D43)) -> 100 | T43: =IF(E43="",IF(ISNUMBER(SEARCH("NOT NULL",UPPER(E$3))),"''","null"),SUBSTITUTE(VLOOKUP(E$2,convert!$A$1:$B$4,2,0),"@@@",E43)) -> 120 | U43: =IF(F43="",IF(ISNUMBER(SEARCH("NOT NULL",UPPER(F$3))),"''","null"),SUBSTITUTE(VLOOKUP(F$2,convert!$A$1:$B$4,2,0),"@@@",F43)) -> 25 | V43: =IF(G43="",IF(ISNUMBER(SEARCH("NOT NULL",UPPER(G$3))),"''","null"),SUBSTITUTE(VLOOKUP(G$2,convert!$A$1:$B$4,2,0),"@@@",G43)) -> 65 | W43: =IF(H43="",IF(ISNUMBER(SEARCH("NOT NULL",UPPER(H$3))),"''","null"),SUBSTITUTE(VLOOKUP(H$2,convert!$A$1:$B$4,2,0),"@@@",H43)) -> 65 | ... AD43: =IF(O43="",IF(ISNUMBER(SEARCH("NOT NULL",UPPER(O$3))),"''","null"),SUBSTITUTE(VLOOKUP(O$2,convert!$A$1:$B$4,2,0),"@@@",O43)) -> TRUE | AE43: =" ("&_xlfn.TEXTJOIN(", ",FALSE,P43:AD43)&")," -> ('0028A01', 'サンドパン', 75, 100, 120, 25, 65, 65, 'アローラのすがた', 'ice', 'steel', 'g7', null, null, TRUE),
A44: 0029N01 | B44: ニドラン♀ | C44: 55 | D44: 47 | E44: 52 | F44: 40 | G44: 40 | H44: 41 | J44: poison | L44: g1 | O44: TRUE | P44: =IF(A44="",IF(ISNUMBER(SEARCH("NOT NULL",UPPER(A$3))),"''","null"),SUBSTITUTE(VLOOKUP(A$2,convert!$A$1:$B$4,2,0),"@@@",A44)) -> '0029N01' | Q44: =IF(B44="",IF(ISNUMBER(SEARCH("NOT NULL",UPPER(B$3))),"''","null"),SUBSTITUTE(VLOOKUP(B$2,convert!$A$1:$B$4,2,0),"@@@",B44)) -> 'ニドラン♀' | R44: =IF(C44="",IF(ISNUMBER(SEARCH("NOT NULL",UPPER(C$3))),"''","null"),SUBSTITUTE(VLOOKUP(C$2,convert!$A$1:$B$4,2,0),"@@@",C44)) -> 55 | S44: =IF(D44="",IF(ISNUMBER(SEARCH("NOT NULL",UPPER(D$3))),"''","null"),SUBSTITUTE(VLOOKUP(D$2,convert!$A$1:$B$4,2,0),"@@@",D44)) -> 47 | T44: =IF(E44="",IF(ISNUMBER(SEARCH("NOT NULL",UPPER(E$3))),"''","null"),SUBSTITUTE(VLOOKUP(E$2,convert!$A$1:$B$4,2,0),"@@@",E44)) -> 52 | U44: =IF(F44="",IF(ISNUMBER(SEARCH("NOT NULL",UPPER(F$3))),"''","null"),SUBSTITUTE(VLOOKUP(F$2,convert!$A$1:$B$4,2,0),"@@@",F44)) -> 40 | V44: =IF(G44="",IF(ISNUMBER(SEARCH("NOT NULL",UPPER(G$3))),"''","null"),SUBSTITUTE(VLOOKUP(G$2,convert!$A$1:$B$4,2,0),"@@@",G44)) -> 40 | W44: =IF(H44="",IF(ISNUMBER(SEARCH("NOT NULL",UPPER(H$3))),"''","null"),SUBSTITUTE(VLOOKUP(H$2,convert!$A$1:$B$4,2,0),"@@@",H44)) -> 41 | ... AD44: =IF(O44="",IF(ISNUMBER(SEARCH("NOT NULL",UPPER(O$3))),"''","null"),SUBSTITUTE(VLOOKUP(O$2,convert!$A$1:$B$4,2,0),"@@@",O44)) -> TRUE | AE44: =" ("&_xlfn.TEXTJOIN(", ",FALSE,P44:AD44)&")," -> ('0029N01', 'ニドラン♀', 55, 47, 52, 40, 40, 41, '', 'poison', null, 'g1', null, null, TRUE),
A45: 0030N01 | B45: ニドリーナ | C45: 70 | D45: 62 | E45: 67 | F45: 55 | G45: 55 | H45: 56 | J45: poison | L45: g1 | O45: TRUE | P45: =IF(A45="",IF(ISNUMBER(SEARCH("NOT NULL",UPPER(A$3))),"''","null"),SUBSTITUTE(VLOOKUP(A$2,convert!$A$1:$B$4,2,0),"@@@",A45)) -> '0030N01' | Q45: =IF(B45="",IF(ISNUMBER(SEARCH("NOT NULL",UPPER(B$3))),"''","null"),SUBSTITUTE(VLOOKUP(B$2,convert!$A$1:$B$4,2,0),"@@@",B45)) -> 'ニドリーナ' | R45: =IF(C45="",IF(ISNUMBER(SEARCH("NOT NULL",UPPER(C$3))),"''","null"),SUBSTITUTE(VLOOKUP(C$2,convert!$A$1:$B$4,2,0),"@@@",C45)) -> 70 | S45: =IF(D45="",IF(ISNUMBER(SEARCH("NOT NULL",UPPER(D$3))),"''","null"),SUBSTITUTE(VLOOKUP(D$2,convert!$A$1:$B$4,2,0),"@@@",D45)) -> 62 | T45: =IF(E45="",IF(ISNUMBER(SEARCH("NOT NULL",UPPER(E$3))),"''","null"),SUBSTITUTE(VLOOKUP(E$2,convert!$A$1:$B$4,2,0),"@@@",E45)) -> 67 | U45: =IF(F45="",IF(ISNUMBER(SEARCH("NOT NULL",UPPER(F$3))),"''","null"),SUBSTITUTE(VLOOKUP(F$2,convert!$A$1:$B$4,2,0),"@@@",F45)) -> 55 | V45: =IF(G45="",IF(ISNUMBER(SEARCH("NOT NULL",UPPER(G$3))),"''","null"),SUBSTITUTE(VLOOKUP(G$2,convert!$A$1:$B$4,2,0),"@@@",G45)) -> 55 | W45: =IF(H45="",IF(ISNUMBER(SEARCH("NOT NULL",UPPER(H$3))),"''","null"),SUBSTITUTE(VLOOKUP(H$2,convert!$A$1:$B$4,2,0),"@@@",H45)) -> 56 | ... AD45: =IF(O45="",IF(ISNUMBER(SEARCH("NOT NULL",UPPER(O$3))),"''","null"),SUBSTITUTE(VLOOKUP(O$2,convert!$A$1:$B$4,2,0),"@@@",O45)) -> TRUE | AE45: =" ("&_xlfn.TEXTJOIN(", ",FALSE,P45:AD45)&")," -> ('0030N01', 'ニドリーナ', 70, 62, 67, 55, 55, 56, '', 'poison', null, 'g1', null, null, TRUE),
A46: 0031N01 | B46: ニドクイン | C46: 90 | D46: 92 | E46: 87 | F46: 75 | G46: 85 | H46: 76 | J46: poison | L46: g1 | O46: TRUE | P46: =IF(A46="",IF(ISNUMBER(SEARCH("NOT NULL",UPPER(A$3))),"''","null"),SUBSTITUTE(VLOOKUP(A$2,convert!$A$1:$B$4,2,0),"@@@",A46)) -> '0031N01' | Q46: =IF(B46="",IF(ISNUMBER(SEARCH("NOT NULL",UPPER(B$3))),"''","null"),SUBSTITUTE(VLOOKUP(B$2,convert!$A$1:$B$4,2,0),"@@@",B46)) -> 'ニドクイン' | R46: =IF(C46="",IF(ISNUMBER(SEARCH("NOT NULL",UPPER(C$3))),"''","null"),SUBSTITUTE(VLOOKUP(C$2,convert!$A$1:$B$4,2,0),"@@@",C46)) -> 90 | S46: =IF(D46="",IF(ISNUMBER(SEARCH("NOT NULL",UPPER(D$3))),"''","null"),SUBSTITUTE(VLOOKUP(D$2,convert!$A$1:$B$4,2,0),"@@@",D46)) -> 92 | T46: =IF(E46="",IF(ISNUMBER(SEARCH("NOT NULL",UPPER(E$3))),"''","null"),SUBSTITUTE(VLOOKUP(E$2,convert!$A$1:$B$4,2,0),"@@@",E46)) -> 87 | U46: =IF(F46="",IF(ISNUMBER(SEARCH("NOT NULL",UPPER(F$3))),"''","null"),SUBSTITUTE(VLOOKUP(F$2,convert!$A$1:$B$4,2,0),"@@@",F46)) -> 75 | V46: =IF(G46="",IF(ISNUMBER(SEARCH("NOT NULL",UPPER(G$3))),"''","null"),SUBSTITUTE(VLOOKUP(G$2,convert!$A$1:$B$4,2,0),"@@@",G46)) -> 85 | W46: =IF(H46="",IF(ISNUMBER(SEARCH("NOT NULL",UPPER(H$3))),"''","null"),SUBSTITUTE(VLOOKUP(H$2,convert!$A$1:$B$4,2,0),"@@@",H46)) -> 76 | ... AD46: =IF(O46="",IF(ISNUMBER(SEARCH("NOT NULL",UPPER(O$3))),"''","null"),SUBSTITUTE(VLOOKUP(O$2,convert!$A$1:$B$4,2,0),"@@@",O46)) -> TRUE | AE46: =" ("&_xlfn.TEXTJOIN(", ",FALSE,P46:AD46)&")," -> ('0031N01', 'ニドクイン', 90, 92, 87, 75, 85, 76, '', 'poison', null, 'g1', null, null, TRUE),
A47: 0032N01 | B47: ニドラン♂ | C47: 46 | D47: 57 | E47: 40 | F47: 40 | G47: 40 | H47: 50 | J47: poison | K47: ground | L47: g1 | O47: TRUE | P47: =IF(A47="",IF(ISNUMBER(SEARCH("NOT NULL",UPPER(A$3))),"''","null"),SUBSTITUTE(VLOOKUP(A$2,convert!$A$1:$B$4,2,0),"@@@",A47)) -> '0032N01' | Q47: =IF(B47="",IF(ISNUMBER(SEARCH("NOT NULL",UPPER(B$3))),"''","null"),SUBSTITUTE(VLOOKUP(B$2,convert!$A$1:$B$4,2,0),"@@@",B47)) -> 'ニドラン♂' | R47: =IF(C47="",IF(ISNUMBER(SEARCH("NOT NULL",UPPER(C$3))),"''","null"),SUBSTITUTE(VLOOKUP(C$2,convert!$A$1:$B$4,2,0),"@@@",C47)) -> 46 | S47: =IF(D47="",IF(ISNUMBER(SEARCH("NOT NULL",UPPER(D$3))),"''","null"),SUBSTITUTE(VLOOKUP(D$2,convert!$A$1:$B$4,2,0),"@@@",D47)) -> 57 | T47: =IF(E47="",IF(ISNUMBER(SEARCH("NOT NULL",UPPER(E$3))),"''","null"),SUBSTITUTE(VLOOKUP(E$2,convert!$A$1:$B$4,2,0),"@@@",E47)) -> 40 | U47: =IF(F47="",IF(ISNUMBER(SEARCH("NOT NULL",UPPER(F$3))),"''","null"),SUBSTITUTE(VLOOKUP(F$2,convert!$A$1:$B$4,2,0),"@@@",F47)) -> 40 | V47: =IF(G47="",IF(ISNUMBER(SEARCH("NOT NULL",UPPER(G$3))),"''","null"),SUBSTITUTE(VLOOKUP(G$2,convert!$A$1:$B$4,2,0),"@@@",G47)) -> 40 | W47: =IF(H47="",IF(ISNUMBER(SEARCH("NOT NULL",UPPER(H$3))),"''","null"),SUBSTITUTE(VLOOKUP(H$2,convert!$A$1:$B$4,2,0),"@@@",H47)) -> 50 | ... AD47: =IF(O47="",IF(ISNUMBER(SEARCH("NOT NULL",UPPER(O$3))),"''","null"),SUBSTITUTE(VLOOKUP(O$2,convert!$A$1:$B$4,2,0),"@@@",O47)) -> TRUE | AE47: =" ("&_xlfn.TEXTJOIN(", ",FALSE,P47:AD47)&")," -> ('0032N01', 'ニドラン♂', 46, 57, 40, 40, 40, 50, '', 'poison', 'ground', 'g1', null, null, TRUE),
A48: 0033N01 | B48: ニドリーノ | C48: 61 | D48: 72 | E48: 57 | F48: 55 | G48: 55 | H48: 65 | J48: poison | L48: g1 | O48: TRUE | P48: =IF(A48="",IF(ISNUMBER(SEARCH("NOT NULL",UPPER(A$3))),"''","null"),SUBSTITUTE(VLOOKUP(A$2,convert!$A$1:$B$4,2,0),"@@@",A48)) -> '0033N01' | Q48: =IF(B48="",IF(ISNUMBER(SEARCH("NOT NULL",UPPER(B$3))),"''","null"),SUBSTITUTE(VLOOKUP(B$2,convert!$A$1:$B$4,2,0),"@@@",B48)) -> 'ニドリーノ' | R48: =IF(C48="",IF(ISNUMBER(SEARCH("NOT NULL",UPPER(C$3))),"''","null"),SUBSTITUTE(VLOOKUP(C$2,convert!$A$1:$B$4,2,0),"@@@",C48)) -> 61 | S48: =IF(D48="",IF(ISNUMBER(SEARCH("NOT NULL",UPPER(D$3))),"''","null"),SUBSTITUTE(VLOOKUP(D$2,convert!$A$1:$B$4,2,0),"@@@",D48)) -> 72 | T48: =IF(E48="",IF(ISNUMBER(SEARCH("NOT NULL",UPPER(E$3))),"''","null"),SUBSTITUTE(VLOOKUP(E$2,convert!$A$1:$B$4,2,0),"@@@",E48)) -> 57 | U48: =IF(F48="",IF(ISNUMBER(SEARCH("NOT NULL",UPPER(F$3))),"''","null"),SUBSTITUTE(VLOOKUP(F$2,convert!$A$1:$B$4,2,0),"@@@",F48)) -> 55 | V48: =IF(G48="",IF(ISNUMBER(SEARCH("NOT NULL",UPPER(G$3))),"''","null"),SUBSTITUTE(VLOOKUP(G$2,convert!$A$1:$B$4,2,0),"@@@",G48)) -> 55 | W48: =IF(H48="",IF(ISNUMBER(SEARCH("NOT NULL",UPPER(H$3))),"''","null"),SUBSTITUTE(VLOOKUP(H$2,convert!$A$1:$B$4,2,0),"@@@",H48)) -> 65 | ... AD48: =IF(O48="",IF(ISNUMBER(SEARCH("NOT NULL",UPPER(O$3))),"''","null"),SUBSTITUTE(VLOOKUP(O$2,convert!$A$1:$B$4,2,0),"@@@",O48)) -> TRUE | AE48: =" ("&_xlfn.TEXTJOIN(", ",FALSE,P48:AD48)&")," -> ('0033N01', 'ニドリーノ', 61, 72, 57, 55, 55, 65, '', 'poison', null, 'g1', null, null, TRUE),
A49: 0034N01 | B49: ニドキング | C49: 81 | D49: 102 | E49: 77 | F49: 85 | G49: 75 | H49: 85 | J49: poison | L49: g1 | O49: TRUE | P49: =IF(A49="",IF(ISNUMBER(SEARCH("NOT NULL",UPPER(A$3))),"''","null"),SUBSTITUTE(VLOOKUP(A$2,convert!$A$1:$B$4,2,0),"@@@",A49)) -> '0034N01' | Q49: =IF(B49="",IF(ISNUMBER(SEARCH("NOT NULL",UPPER(B$3))),"''","null"),SUBSTITUTE(VLOOKUP(B$2,convert!$A$1:$B$4,2,0),"@@@",B49)) -> 'ニドキング' | R49: =IF(C49="",IF(ISNUMBER(SEARCH("NOT NULL",UPPER(C$3))),"''","null"),SUBSTITUTE(VLOOKUP(C$2,convert!$A$1:$B$4,2,0),"@@@",C49)) -> 81 | S49: =IF(D49="",IF(ISNUMBER(SEARCH("NOT NULL",UPPER(D$3))),"''","null"),SUBSTITUTE(VLOOKUP(D$2,convert!$A$1:$B$4,2,0),"@@@",D49)) -> 102 | T49: =IF(E49="",IF(ISNUMBER(SEARCH("NOT NULL",UPPER(E$3))),"''","null"),SUBSTITUTE(VLOOKUP(E$2,convert!$A$1:$B$4,2,0),"@@@",E49)) -> 77 | U49: =IF(F49="",IF(ISNUMBER(SEARCH("NOT NULL",UPPER(F$3))),"''","null"),SUBSTITUTE(VLOOKUP(F$2,convert!$A$1:$B$4,2,0),"@@@",F49)) -> 85 | V49: =IF(G49="",IF(ISNUMBER(SEARCH("NOT NULL",UPPER(G$3))),"''","null"),SUBSTITUTE(VLOOKUP(G$2,convert!$A$1:$B$4,2,0),"@@@",G49)) -> 75 | W49: =IF(H49="",IF(ISNUMBER(SEARCH("NOT NULL",UPPER(H$3))),"''","null"),SUBSTITUTE(VLOOKUP(H$2,convert!$A$1:$B$4,2,0),"@@@",H49)) -> 85 | ... AD49: =IF(O49="",IF(ISNUMBER(SEARCH("NOT NULL",UPPER(O$3))),"''","null"),SUBSTITUTE(VLOOKUP(O$2,convert!$A$1:$B$4,2,0),"@@@",O49)) -> TRUE | AE49: =" ("&_xlfn.TEXTJOIN(", ",FALSE,P49:AD49)&")," -> ('0034N01', 'ニドキング', 81, 102, 77, 85, 75, 85, '', 'poison', null, 'g1', null, null, TRUE),
A50: 0035N01 | B50: ピッピ | C50: 70 | D50: 45 | E50: 48 | F50: 60 | G50: 65 | H50: 35 | J50: fairy | K50: ground | L50: g1 | O50: TRUE | P50: =IF(A50="",IF(ISNUMBER(SEARCH("NOT NULL",UPPER(A$3))),"''","null"),SUBSTITUTE(VLOOKUP(A$2,convert!$A$1:$B$4,2,0),"@@@",A50)) -> '0035N01' | Q50: =IF(B50="",IF(ISNUMBER(SEARCH("NOT NULL",UPPER(B$3))),"''","null"),SUBSTITUTE(VLOOKUP(B$2,convert!$A$1:$B$4,2,0),"@@@",B50)) -> 'ピッピ' | R50: =IF(C50="",IF(ISNUMBER(SEARCH("NOT NULL",UPPER(C$3))),"''","null"),SUBSTITUTE(VLOOKUP(C$2,convert!$A$1:$B$4,2,0),"@@@",C50)) -> 70 | S50: =IF(D50="",IF(ISNUMBER(SEARCH("NOT NULL",UPPER(D$3))),"''","null"),SUBSTITUTE(VLOOKUP(D$2,convert!$A$1:$B$4,2,0),"@@@",D50)) -> 45 | T50: =IF(E50="",IF(ISNUMBER(SEARCH("NOT NULL",UPPER(E$3))),"''","null"),SUBSTITUTE(VLOOKUP(E$2,convert!$A$1:$B$4,2,0),"@@@",E50)) -> 48 | U50: =IF(F50="",IF(ISNUMBER(SEARCH("NOT NULL",UPPER(F$3))),"''","null"),SUBSTITUTE(VLOOKUP(F$2,convert!$A$1:$B$4,2,0),"@@@",F50)) -> 60 | V50: =IF(G50="",IF(ISNUMBER(SEARCH("NOT NULL",UPPER(G$3))),"''","null"),SUBSTITUTE(VLOOKUP(G$2,convert!$A$1:$B$4,2,0),"@@@",G50)) -> 65 | W50: =IF(H50="",IF(ISNUMBER(SEARCH("NOT NULL",UPPER(H$3))),"''","null"),SUBSTITUTE(VLOOKUP(H$2,convert!$A$1:$B$4,2,0),"@@@",H50)) -> 35 | ... AD50: =IF(O50="",IF(ISNUMBER(SEARCH("NOT NULL",UPPER(O$3))),"''","null"),SUBSTITUTE(VLOOKUP(O$2,convert!$A$1:$B$4,2,0),"@@@",O50)) -> TRUE | AE50: =" ("&_xlfn.TEXTJOIN(", ",FALSE,P50:AD50)&")," -> ('0035N01', 'ピッピ', 70, 45, 48, 60, 65, 35, '', 'fairy', 'ground', 'g1', null, null, TRUE),
A51: 0036N01 | B51: ピクシー | C51: 95 | D51: 70 | E51: 73 | F51: 95 | G51: 90 | H51: 60 | J51: fairy | L51: g1 | O51: TRUE | P51: =IF(A51="",IF(ISNUMBER(SEARCH("NOT NULL",UPPER(A$3))),"''","null"),SUBSTITUTE(VLOOKUP(A$2,convert!$A$1:$B$4,2,0),"@@@",A51)) -> '0036N01' | Q51: =IF(B51="",IF(ISNUMBER(SEARCH("NOT NULL",UPPER(B$3))),"''","null"),SUBSTITUTE(VLOOKUP(B$2,convert!$A$1:$B$4,2,0),"@@@",B51)) -> 'ピクシー' | R51: =IF(C51="",IF(ISNUMBER(SEARCH("NOT NULL",UPPER(C$3))),"''","null"),SUBSTITUTE(VLOOKUP(C$2,convert!$A$1:$B$4,2,0),"@@@",C51)) -> 95 | S51: =IF(D51="",IF(ISNUMBER(SEARCH("NOT NULL",UPPER(D$3))),"''","null"),SUBSTITUTE(VLOOKUP(D$2,convert!$A$1:$B$4,2,0),"@@@",D51)) -> 70 | T51: =IF(E51="",IF(ISNUMBER(SEARCH("NOT NULL",UPPER(E$3))),"''","null"),SUBSTITUTE(VLOOKUP(E$2,convert!$A$1:$B$4,2,0),"@@@",E51)) -> 73 | U51: =IF(F51="",IF(ISNUMBER(SEARCH("NOT NULL",UPPER(F$3))),"''","null"),SUBSTITUTE(VLOOKUP(F$2,convert!$A$1:$B$4,2,0),"@@@",F51)) -> 95 | V51: =IF(G51="",IF(ISNUMBER(SEARCH("NOT NULL",UPPER(G$3))),"''","null"),SUBSTITUTE(VLOOKUP(G$2,convert!$A$1:$B$4,2,0),"@@@",G51)) -> 90 | W51: =IF(H51="",IF(ISNUMBER(SEARCH("NOT NULL",UPPER(H$3))),"''","null"),SUBSTITUTE(VLOOKUP(H$2,convert!$A$1:$B$4,2,0),"@@@",H51)) -> 60 | ... AD51: =IF(O51="",IF(ISNUMBER(SEARCH("NOT NULL",UPPER(O$3))),"''","null"),SUBSTITUTE(VLOOKUP(O$2,convert!$A$1:$B$4,2,0),"@@@",O51)) -> TRUE | AE51: =" ("&_xlfn.TEXTJOIN(", ",FALSE,P51:AD51)&")," -> ('0036N01', 'ピクシー', 95, 70, 73, 95, 90, 60, '', 'fairy', null, 'g1', null, null, TRUE),
A52: 0037N01 | B52: ロコン | C52: 38 | D52: 41 | E52: 40 | F52: 50 | G52: 65 | H52: 65 | J52: fire | L52: g1 | O52: TRUE | P52: =IF(A52="",IF(ISNUMBER(SEARCH("NOT NULL",UPPER(A$3))),"''","null"),SUBSTITUTE(VLOOKUP(A$2,convert!$A$1:$B$4,2,0),"@@@",A52)) -> '0037N01' | Q52: =IF(B52="",IF(ISNUMBER(SEARCH("NOT NULL",UPPER(B$3))),"''","null"),SUBSTITUTE(VLOOKUP(B$2,convert!$A$1:$B$4,2,0),"@@@",B52)) -> 'ロコン' | R52: =IF(C52="",IF(ISNUMBER(SEARCH("NOT NULL",UPPER(C$3))),"''","null"),SUBSTITUTE(VLOOKUP(C$2,convert!$A$1:$B$4,2,0),"@@@",C52)) -> 38 | S52: =IF(D52="",IF(ISNUMBER(SEARCH("NOT NULL",UPPER(D$3))),"''","null"),SUBSTITUTE(VLOOKUP(D$2,convert!$A$1:$B$4,2,0),"@@@",D52)) -> 41 | T52: =IF(E52="",IF(ISNUMBER(SEARCH("NOT NULL",UPPER(E$3))),"''","null"),SUBSTITUTE(VLOOKUP(E$2,convert!$A$1:$B$4,2,0),"@@@",E52)) -> 40 | U52: =IF(F52="",IF(ISNUMBER(SEARCH("NOT NULL",UPPER(F$3))),"''","null"),SUBSTITUTE(VLOOKUP(F$2,convert!$A$1:$B$4,2,0),"@@@",F52)) -> 50 | V52: =IF(G52="",IF(ISNUMBER(SEARCH("NOT NULL",UPPER(G$3))),"''","null"),SUBSTITUTE(VLOOKUP(G$2,convert!$A$1:$B$4,2,0),"@@@",G52)) -> 65 | W52: =IF(H52="",IF(ISNUMBER(SEARCH("NOT NULL",UPPER(H$3))),"''","null"),SUBSTITUTE(VLOOKUP(H$2,convert!$A$1:$B$4,2,0),"@@@",H52)) -> 65 | ... AD52: =IF(O52="",IF(ISNUMBER(SEARCH("NOT NULL",UPPER(O$3))),"''","null"),SUBSTITUTE(VLOOKUP(O$2,convert!$A$1:$B$4,2,0),"@@@",O52)) -> TRUE | AE52: =" ("&_xlfn.TEXTJOIN(", ",FALSE,P52:AD52)&")," -> ('0037N01', 'ロコン', 38, 41, 40, 50, 65, 65, '', 'fire', null, 'g1', null, null, TRUE),
A53: 0037A01 | B53: ロコン | C53: 38 | D53: 41 | E53: 40 | F53: 50 | G53: 65 | H53: 65 | I53: アローラのすがた | J53: ice | L53: g7 | O53: TRUE | P53: =IF(A53="",IF(ISNUMBER(SEARCH("NOT NULL",UPPER(A$3))),"''","null"),SUBSTITUTE(VLOOKUP(A$2,convert!$A$1:$B$4,2,0),"@@@",A53)) -> '0037A01' | Q53: =IF(B53="",IF(ISNUMBER(SEARCH("NOT NULL",UPPER(B$3))),"''","null"),SUBSTITUTE(VLOOKUP(B$2,convert!$A$1:$B$4,2,0),"@@@",B53)) -> 'ロコン' | R53: =IF(C53="",IF(ISNUMBER(SEARCH("NOT NULL",UPPER(C$3))),"''","null"),SUBSTITUTE(VLOOKUP(C$2,convert!$A$1:$B$4,2,0),"@@@",C53)) -> 38 | S53: =IF(D53="",IF(ISNUMBER(SEARCH("NOT NULL",UPPER(D$3))),"''","null"),SUBSTITUTE(VLOOKUP(D$2,convert!$A$1:$B$4,2,0),"@@@",D53)) -> 41 | T53: =IF(E53="",IF(ISNUMBER(SEARCH("NOT NULL",UPPER(E$3))),"''","null"),SUBSTITUTE(VLOOKUP(E$2,convert!$A$1:$B$4,2,0),"@@@",E53)) -> 40 | U53: =IF(F53="",IF(ISNUMBER(SEARCH("NOT NULL",UPPER(F$3))),"''","null"),SUBSTITUTE(VLOOKUP(F$2,convert!$A$1:$B$4,2,0),"@@@",F53)) -> 50 | V53: =IF(G53="",IF(ISNUMBER(SEARCH("NOT NULL",UPPER(G$3))),"''","null"),SUBSTITUTE(VLOOKUP(G$2,convert!$A$1:$B$4,2,0),"@@@",G53)) -> 65 | W53: =IF(H53="",IF(ISNUMBER(SEARCH("NOT NULL",UPPER(H$3))),"''","null"),SUBSTITUTE(VLOOKUP(H$2,convert!$A$1:$B$4,2,0),"@@@",H53)) -> 65 | ... AD53: =IF(O53="",IF(ISNUMBER(SEARCH("NOT NULL",UPPER(O$3))),"''","null"),SUBSTITUTE(VLOOKUP(O$2,convert!$A$1:$B$4,2,0),"@@@",O53)) -> TRUE | AE53: =" ("&_xlfn.TEXTJOIN(", ",FALSE,P53:AD53)&")," -> ('0037A01', 'ロコン', 38, 41, 40, 50, 65, 65, 'アローラのすがた', 'ice', null, 'g7', null, null, TRUE),
A54: 0038N01 | B54: キュウコン | C54: 73 | D54: 76 | E54: 75 | F54: 81 | G54: 100 | H54: 100 | J54: fire | L54: g1 | O54: TRUE | P54: =IF(A54="",IF(ISNUMBER(SEARCH("NOT NULL",UPPER(A$3))),"''","null"),SUBSTITUTE(VLOOKUP(A$2,convert!$A$1:$B$4,2,0),"@@@",A54)) -> '0038N01' | Q54: =IF(B54="",IF(ISNUMBER(SEARCH("NOT NULL",UPPER(B$3))),"''","null"),SUBSTITUTE(VLOOKUP(B$2,convert!$A$1:$B$4,2,0),"@@@",B54)) -> 'キュウコン' | R54: =IF(C54="",IF(ISNUMBER(SEARCH("NOT NULL",UPPER(C$3))),"''","null"),SUBSTITUTE(VLOOKUP(C$2,convert!$A$1:$B$4,2,0),"@@@",C54)) -> 73 | S54: =IF(D54="",IF(ISNUMBER(SEARCH("NOT NULL",UPPER(D$3))),"''","null"),SUBSTITUTE(VLOOKUP(D$2,convert!$A$1:$B$4,2,0),"@@@",D54)) -> 76 | T54: =IF(E54="",IF(ISNUMBER(SEARCH("NOT NULL",UPPER(E$3))),"''","null"),SUBSTITUTE(VLOOKUP(E$2,convert!$A$1:$B$4,2,0),"@@@",E54)) -> 75 | U54: =IF(F54="",IF(ISNUMBER(SEARCH("NOT NULL",UPPER(F$3))),"''","null"),SUBSTITUTE(VLOOKUP(F$2,convert!$A$1:$B$4,2,0),"@@@",F54)) -> 81 | V54: =IF(G54="",IF(ISNUMBER(SEARCH("NOT NULL",UPPER(G$3))),"''","null"),SUBSTITUTE(VLOOKUP(G$2,convert!$A$1:$B$4,2,0),"@@@",G54)) -> 100 | W54: =IF(H54="",IF(ISNUMBER(SEARCH("NOT NULL",UPPER(H$3))),"''","null"),SUBSTITUTE(VLOOKUP(H$2,convert!$A$1:$B$4,2,0),"@@@",H54)) -> 100 | ... AD54: =IF(O54="",IF(ISNUMBER(SEARCH("NOT NULL",UPPER(O$3))),"''","null"),SUBSTITUTE(VLOOKUP(O$2,convert!$A$1:$B$4,2,0),"@@@",O54)) -> TRUE | AE54: =" ("&_xlfn.TEXTJOIN(", ",FALSE,P54:AD54)&")," -> ('0038N01', 'キュウコン', 73, 76, 75, 81, 100, 100, '', 'fire', null, 'g1', null, null, TRUE),
A55: 0038A01 | B55: キュウコン | C55: 73 | D55: 67 | E55: 75 | F55: 81 | G55: 100 | H55: 109 | I55: アローラのすがた | J55: ice | K55: fairy | L55: g7 | O55: TRUE | P55: =IF(A55="",IF(ISNUMBER(SEARCH("NOT NULL",UPPER(A$3))),"''","null"),SUBSTITUTE(VLOOKUP(A$2,convert!$A$1:$B$4,2,0),"@@@",A55)) -> '0038A01' | Q55: =IF(B55="",IF(ISNUMBER(SEARCH("NOT NULL",UPPER(B$3))),"''","null"),SUBSTITUTE(VLOOKUP(B$2,convert!$A$1:$B$4,2,0),"@@@",B55)) -> 'キュウコン' | R55: =IF(C55="",IF(ISNUMBER(SEARCH("NOT NULL",UPPER(C$3))),"''","null"),SUBSTITUTE(VLOOKUP(C$2,convert!$A$1:$B$4,2,0),"@@@",C55)) -> 73 | S55: =IF(D55="",IF(ISNUMBER(SEARCH("NOT NULL",UPPER(D$3))),"''","null"),SUBSTITUTE(VLOOKUP(D$2,convert!$A$1:$B$4,2,0),"@@@",D55)) -> 67 | T55: =IF(E55="",IF(ISNUMBER(SEARCH("NOT NULL",UPPER(E$3))),"''","null"),SUBSTITUTE(VLOOKUP(E$2,convert!$A$1:$B$4,2,0),"@@@",E55)) -> 75 | U55: =IF(F55="",IF(ISNUMBER(SEARCH("NOT NULL",UPPER(F$3))),"''","null"),SUBSTITUTE(VLOOKUP(F$2,convert!$A$1:$B$4,2,0),"@@@",F55)) -> 81 | V55: =IF(G55="",IF(ISNUMBER(SEARCH("NOT NULL",UPPER(G$3))),"''","null"),SUBSTITUTE(VLOOKUP(G$2,convert!$A$1:$B$4,2,0),"@@@",G55)) -> 100 | W55: =IF(H55="",IF(ISNUMBER(SEARCH("NOT NULL",UPPER(H$3))),"''","null"),SUBSTITUTE(VLOOKUP(H$2,convert!$A$1:$B$4,2,0),"@@@",H55)) -> 109 | ... AD55: =IF(O55="",IF(ISNUMBER(SEARCH("NOT NULL",UPPER(O$3))),"''","null"),SUBSTITUTE(VLOOKUP(O$2,convert!$A$1:$B$4,2,0),"@@@",O55)) -> TRUE | AE55: =" ("&_xlfn.TEXTJOIN(", ",FALSE,P55:AD55)&")," -> ('0038A01', 'キュウコン', 73, 67, 75, 81, 100, 109, 'アローラのすがた', 'ice', 'fairy', 'g7', null, null, TRUE),
A56: 0039N01 | B56: プリン | C56: 115 | D56: 45 | E56: 20 | F56: 45 | G56: 25 | H56: 20 | J56: normal | K56: fairy | L56: g1 | O56: TRUE | P56: =IF(A56="",IF(ISNUMBER(SEARCH("NOT NULL",UPPER(A$3))),"''","null"),SUBSTITUTE(VLOOKUP(A$2,convert!$A$1:$B$4,2,0),"@@@",A56)) -> '0039N01' | Q56: =IF(B56="",IF(ISNUMBER(SEARCH("NOT NULL",UPPER(B$3))),"''","null"),SUBSTITUTE(VLOOKUP(B$2,convert!$A$1:$B$4,2,0),"@@@",B56)) -> 'プリン' | R56: =IF(C56="",IF(ISNUMBER(SEARCH("NOT NULL",UPPER(C$3))),"''","null"),SUBSTITUTE(VLOOKUP(C$2,convert!$A$1:$B$4,2,0),"@@@",C56)) -> 115 | S56: =IF(D56="",IF(ISNUMBER(SEARCH("NOT NULL",UPPER(D$3))),"''","null"),SUBSTITUTE(VLOOKUP(D$2,convert!$A$1:$B$4,2,0),"@@@",D56)) -> 45 | T56: =IF(E56="",IF(ISNUMBER(SEARCH("NOT NULL",UPPER(E$3))),"''","null"),SUBSTITUTE(VLOOKUP(E$2,convert!$A$1:$B$4,2,0),"@@@",E56)) -> 20 | U56: =IF(F56="",IF(ISNUMBER(SEARCH("NOT NULL",UPPER(F$3))),"''","null"),SUBSTITUTE(VLOOKUP(F$2,convert!$A$1:$B$4,2,0),"@@@",F56)) -> 45 | V56: =IF(G56="",IF(ISNUMBER(SEARCH("NOT NULL",UPPER(G$3))),"''","null"),SUBSTITUTE(VLOOKUP(G$2,convert!$A$1:$B$4,2,0),"@@@",G56)) -> 25 | W56: =IF(H56="",IF(ISNUMBER(SEARCH("NOT NULL",UPPER(H$3))),"''","null"),SUBSTITUTE(VLOOKUP(H$2,convert!$A$1:$B$4,2,0),"@@@",H56)) -> 20 | ... AD56: =IF(O56="",IF(ISNUMBER(SEARCH("NOT NULL",UPPER(O$3))),"''","null"),SUBSTITUTE(VLOOKUP(O$2,convert!$A$1:$B$4,2,0),"@@@",O56)) -> TRUE | AE56: =" ("&_xlfn.TEXTJOIN(", ",FALSE,P56:AD56)&")," -> ('0039N01', 'プリン', 115, 45, 20, 45, 25, 20, '', 'normal', 'fairy', 'g1', null, null, TRUE),
A57: 0040N01 | B57: プクリン | C57: 140 | D57: 70 | E57: 45 | F57: 85 | G57: 50 | H57: 45 | J57: normal | K57: fairy | L57: g1 | O57: TRUE | P57: =IF(A57="",IF(ISNUMBER(SEARCH("NOT NULL",UPPER(A$3))),"''","null"),SUBSTITUTE(VLOOKUP(A$2,convert!$A$1:$B$4,2,0),"@@@",A57)) -> '0040N01' | Q57: =IF(B57="",IF(ISNUMBER(SEARCH("NOT NULL",UPPER(B$3))),"''","null"),SUBSTITUTE(VLOOKUP(B$2,convert!$A$1:$B$4,2,0),"@@@",B57)) -> 'プクリン' | R57: =IF(C57="",IF(ISNUMBER(SEARCH("NOT NULL",UPPER(C$3))),"''","null"),SUBSTITUTE(VLOOKUP(C$2,convert!$A$1:$B$4,2,0),"@@@",C57)) -> 140 | S57: =IF(D57="",IF(ISNUMBER(SEARCH("NOT NULL",UPPER(D$3))),"''","null"),SUBSTITUTE(VLOOKUP(D$2,convert!$A$1:$B$4,2,0),"@@@",D57)) -> 70 | T57: =IF(E57="",IF(ISNUMBER(SEARCH("NOT NULL",UPPER(E$3))),"''","null"),SUBSTITUTE(VLOOKUP(E$2,convert!$A$1:$B$4,2,0),"@@@",E57)) -> 45 | U57: =IF(F57="",IF(ISNUMBER(SEARCH("NOT NULL",UPPER(F$3))),"''","null"),SUBSTITUTE(VLOOKUP(F$2,convert!$A$1:$B$4,2,0),"@@@",F57)) -> 85 | V57: =IF(G57="",IF(ISNUMBER(SEARCH("NOT NULL",UPPER(G$3))),"''","null"),SUBSTITUTE(VLOOKUP(G$2,convert!$A$1:$B$4,2,0),"@@@",G57)) -> 50 | W57: =IF(H57="",IF(ISNUMBER(SEARCH("NOT NULL",UPPER(H$3))),"''","null"),SUBSTITUTE(VLOOKUP(H$2,convert!$A$1:$B$4,2,0),"@@@",H57)) -> 45 | ... AD57: =IF(O57="",IF(ISNUMBER(SEARCH("NOT NULL",UPPER(O$3))),"''","null"),SUBSTITUTE(VLOOKUP(O$2,convert!$A$1:$B$4,2,0),"@@@",O57)) -> TRUE | AE57: =" ("&_xlfn.TEXTJOIN(", ",FALSE,P57:AD57)&")," -> ('0040N01', 'プクリン', 140, 70, 45, 85, 50, 45, '', 'normal', 'fairy', 'g1', null, null, TRUE),
A58: 0041N01 | B58: ズバット | C58: 40 | D58: 45 | E58: 35 | F58: 30 | G58: 40 | H58: 55 | J58: poison | K58: flying | L58: g1 | O58: TRUE | P58: =IF(A58="",IF(ISNUMBER(SEARCH("NOT NULL",UPPER(A$3))),"''","null"),SUBSTITUTE(VLOOKUP(A$2,convert!$A$1:$B$4,2,0),"@@@",A58)) -> '0041N01' | Q58: =IF(B58="",IF(ISNUMBER(SEARCH("NOT NULL",UPPER(B$3))),"''","null"),SUBSTITUTE(VLOOKUP(B$2,convert!$A$1:$B$4,2,0),"@@@",B58)) -> 'ズバット' | R58: =IF(C58="",IF(ISNUMBER(SEARCH("NOT NULL",UPPER(C$3))),"''","null"),SUBSTITUTE(VLOOKUP(C$2,convert!$A$1:$B$4,2,0),"@@@",C58)) -> 40 | S58: =IF(D58="",IF(ISNUMBER(SEARCH("NOT NULL",UPPER(D$3))),"''","null"),SUBSTITUTE(VLOOKUP(D$2,convert!$A$1:$B$4,2,0),"@@@",D58)) -> 45 | T58: =IF(E58="",IF(ISNUMBER(SEARCH("NOT NULL",UPPER(E$3))),"''","null"),SUBSTITUTE(VLOOKUP(E$2,convert!$A$1:$B$4,2,0),"@@@",E58)) -> 35 | U58: =IF(F58="",IF(ISNUMBER(SEARCH("NOT NULL",UPPER(F$3))),"''","null"),SUBSTITUTE(VLOOKUP(F$2,convert!$A$1:$B$4,2,0),"@@@",F58)) -> 30 | V58: =IF(G58="",IF(ISNUMBER(SEARCH("NOT NULL",UPPER(G$3))),"''","null"),SUBSTITUTE(VLOOKUP(G$2,convert!$A$1:$B$4,2,0),"@@@",G58)) -> 40 | W58: =IF(H58="",IF(ISNUMBER(SEARCH("NOT NULL",UPPER(H$3))),"''","null"),SUBSTITUTE(VLOOKUP(H$2,convert!$A$1:$B$4,2,0),"@@@",H58)) -> 55 | ... AD58: =IF(O58="",IF(ISNUMBER(SEARCH("NOT NULL",UPPER(O$3))),"''","null"),SUBSTITUTE(VLOOKUP(O$2,convert!$A$1:$B$4,2,0),"@@@",O58)) -> TRUE | AE58: =" ("&_xlfn.TEXTJOIN(", ",FALSE,P58:AD58)&")," -> ('0041N01', 'ズバット', 40, 45, 35, 30, 40, 55, '', 'poison', 'flying', 'g1', null, null, TRUE),
A59: 0042N01 | B59: ゴルバット | C59: 75 | D59: 80 | E59: 70 | F59: 65 | G59: 75 | H59: 90 | J59: poison | K59: flying | L59: g1 | O59: TRUE | P59: =IF(A59="",IF(ISNUMBER(SEARCH("NOT NULL",UPPER(A$3))),"''","null"),SUBSTITUTE(VLOOKUP(A$2,convert!$A$1:$B$4,2,0),"@@@",A59)) -> '0042N01' | Q59: =IF(B59="",IF(ISNUMBER(SEARCH("NOT NULL",UPPER(B$3))),"''","null"),SUBSTITUTE(VLOOKUP(B$2,convert!$A$1:$B$4,2,0),"@@@",B59)) -> 'ゴルバット' | R59: =IF(C59="",IF(ISNUMBER(SEARCH("NOT NULL",UPPER(C$3))),"''","null"),SUBSTITUTE(VLOOKUP(C$2,convert!$A$1:$B$4,2,0),"@@@",C59)) -> 75 | S59: =IF(D59="",IF(ISNUMBER(SEARCH("NOT NULL",UPPER(D$3))),"''","null"),SUBSTITUTE(VLOOKUP(D$2,convert!$A$1:$B$4,2,0),"@@@",D59)) -> 80 | T59: =IF(E59="",IF(ISNUMBER(SEARCH("NOT NULL",UPPER(E$3))),"''","null"),SUBSTITUTE(VLOOKUP(E$2,convert!$A$1:$B$4,2,0),"@@@",E59)) -> 70 | U59: =IF(F59="",IF(ISNUMBER(SEARCH("NOT NULL",UPPER(F$3))),"''","null"),SUBSTITUTE(VLOOKUP(F$2,convert!$A$1:$B$4,2,0),"@@@",F59)) -> 65 | V59: =IF(G59="",IF(ISNUMBER(SEARCH("NOT NULL",UPPER(G$3))),"''","null"),SUBSTITUTE(VLOOKUP(G$2,convert!$A$1:$B$4,2,0),"@@@",G59)) -> 75 | W59: =IF(H59="",IF(ISNUMBER(SEARCH("NOT NULL",UPPER(H$3))),"''","null"),SUBSTITUTE(VLOOKUP(H$2,convert!$A$1:$B$4,2,0),"@@@",H59)) -> 90 | ... AD59: =IF(O59="",IF(ISNUMBER(SEARCH("NOT NULL",UPPER(O$3))),"''","null"),SUBSTITUTE(VLOOKUP(O$2,convert!$A$1:$B$4,2,0),"@@@",O59)) -> TRUE | AE59: =" ("&_xlfn.TEXTJOIN(", ",FALSE,P59:AD59)&")," -> ('0042N01', 'ゴルバット', 75, 80, 70, 65, 75, 90, '', 'poison', 'flying', 'g1', null, null, TRUE),
A60: 0043N01 | B60: ナゾノクサ | C60: 45 | D60: 50 | E60: 55 | F60: 75 | G60: 65 | H60: 30 | J60: grass | K60: poison | L60: g1 | O60: TRUE | P60: =IF(A60="",IF(ISNUMBER(SEARCH("NOT NULL",UPPER(A$3))),"''","null"),SUBSTITUTE(VLOOKUP(A$2,convert!$A$1:$B$4,2,0),"@@@",A60)) -> '0043N01' | Q60: =IF(B60="",IF(ISNUMBER(SEARCH("NOT NULL",UPPER(B$3))),"''","null"),SUBSTITUTE(VLOOKUP(B$2,convert!$A$1:$B$4,2,0),"@@@",B60)) -> 'ナゾノクサ' | R60: =IF(C60="",IF(ISNUMBER(SEARCH("NOT NULL",UPPER(C$3))),"''","null"),SUBSTITUTE(VLOOKUP(C$2,convert!$A$1:$B$4,2,0),"@@@",C60)) -> 45 | S60: =IF(D60="",IF(ISNUMBER(SEARCH("NOT NULL",UPPER(D$3))),"''","null"),SUBSTITUTE(VLOOKUP(D$2,convert!$A$1:$B$4,2,0),"@@@",D60)) -> 50 | T60: =IF(E60="",IF(ISNUMBER(SEARCH("NOT NULL",UPPER(E$3))),"''","null"),SUBSTITUTE(VLOOKUP(E$2,convert!$A$1:$B$4,2,0),"@@@",E60)) -> 55 | U60: =IF(F60="",IF(ISNUMBER(SEARCH("NOT NULL",UPPER(F$3))),"''","null"),SUBSTITUTE(VLOOKUP(F$2,convert!$A$1:$B$4,2,0),"@@@",F60)) -> 75 | V60: =IF(G60="",IF(ISNUMBER(SEARCH("NOT NULL",UPPER(G$3))),"''","null"),SUBSTITUTE(VLOOKUP(G$2,convert!$A$1:$B$4,2,0),"@@@",G60)) -> 65 | W60: =IF(H60="",IF(ISNUMBER(SEARCH("NOT NULL",UPPER(H$3))),"''","null"),SUBSTITUTE(VLOOKUP(H$2,convert!$A$1:$B$4,2,0),"@@@",H60)) -> 30 | ... AD60: =IF(O60="",IF(ISNUMBER(SEARCH("NOT NULL",UPPER(O$3))),"''","null"),SUBSTITUTE(VLOOKUP(O$2,convert!$A$1:$B$4,2,0),"@@@",O60)) -> TRUE | AE60: =" ("&_xlfn.TEXTJOIN(", ",FALSE,P60:AD60)&")," -> ('0043N01', 'ナゾノクサ', 45, 50, 55, 75, 65, 30, '', 'grass', 'poison', 'g1', null, null, TRUE),
A61: 0044N01 | B61: クサイハナ | C61: 60 | D61: 65 | E61: 70 | F61: 85 | G61: 75 | H61: 40 | J61: grass | K61: poison | L61: g1 | O61: TRUE | P61: =IF(A61="",IF(ISNUMBER(SEARCH("NOT NULL",UPPER(A$3))),"''","null"),SUBSTITUTE(VLOOKUP(A$2,convert!$A$1:$B$4,2,0),"@@@",A61)) -> '0044N01' | Q61: =IF(B61="",IF(ISNUMBER(SEARCH("NOT NULL",UPPER(B$3))),"''","null"),SUBSTITUTE(VLOOKUP(B$2,convert!$A$1:$B$4,2,0),"@@@",B61)) -> 'クサイハナ' | R61: =IF(C61="",IF(ISNUMBER(SEARCH("NOT NULL",UPPER(C$3))),"''","null"),SUBSTITUTE(VLOOKUP(C$2,convert!$A$1:$B$4,2,0),"@@@",C61)) -> 60 | S61: =IF(D61="",IF(ISNUMBER(SEARCH("NOT NULL",UPPER(D$3))),"''","null"),SUBSTITUTE(VLOOKUP(D$2,convert!$A$1:$B$4,2,0),"@@@",D61)) -> 65 | T61: =IF(E61="",IF(ISNUMBER(SEARCH("NOT NULL",UPPER(E$3))),"''","null"),SUBSTITUTE(VLOOKUP(E$2,convert!$A$1:$B$4,2,0),"@@@",E61)) -> 70 | U61: =IF(F61="",IF(ISNUMBER(SEARCH("NOT NULL",UPPER(F$3))),"''","null"),SUBSTITUTE(VLOOKUP(F$2,convert!$A$1:$B$4,2,0),"@@@",F61)) -> 85 | V61: =IF(G61="",IF(ISNUMBER(SEARCH("NOT NULL",UPPER(G$3))),"''","null"),SUBSTITUTE(VLOOKUP(G$2,convert!$A$1:$B$4,2,0),"@@@",G61)) -> 75 | W61: =IF(H61="",IF(ISNUMBER(SEARCH("NOT NULL",UPPER(H$3))),"''","null"),SUBSTITUTE(VLOOKUP(H$2,convert!$A$1:$B$4,2,0),"@@@",H61)) -> 40 | ... AD61: =IF(O61="",IF(ISNUMBER(SEARCH("NOT NULL",UPPER(O$3))),"''","null"),SUBSTITUTE(VLOOKUP(O$2,convert!$A$1:$B$4,2,0),"@@@",O61)) -> TRUE | AE61: =" ("&_xlfn.TEXTJOIN(", ",FALSE,P61:AD61)&")," -> ('0044N01', 'クサイハナ', 60, 65, 70, 85, 75, 40, '', 'grass', 'poison', 'g1', null, null, TRUE),
A62: 0045N01 | B62: ラフレシア | C62: 75 | D62: 80 | E62: 85 | F62: 110 | G62: 90 | H62: 50 | J62: grass | K62: poison | L62: g1 | O62: TRUE | P62: =IF(A62="",IF(ISNUMBER(SEARCH("NOT NULL",UPPER(A$3))),"''","null"),SUBSTITUTE(VLOOKUP(A$2,convert!$A$1:$B$4,2,0),"@@@",A62)) -> '0045N01' | Q62: =IF(B62="",IF(ISNUMBER(SEARCH("NOT NULL",UPPER(B$3))),"''","null"),SUBSTITUTE(VLOOKUP(B$2,convert!$A$1:$B$4,2,0),"@@@",B62)) -> 'ラフレシア' | R62: =IF(C62="",IF(ISNUMBER(SEARCH("NOT NULL",UPPER(C$3))),"''","null"),SUBSTITUTE(VLOOKUP(C$2,convert!$A$1:$B$4,2,0),"@@@",C62)) -> 75 | S62: =IF(D62="",IF(ISNUMBER(SEARCH("NOT NULL",UPPER(D$3))),"''","null"),SUBSTITUTE(VLOOKUP(D$2,convert!$A$1:$B$4,2,0),"@@@",D62)) -> 80 | T62: =IF(E62="",IF(ISNUMBER(SEARCH("NOT NULL",UPPER(E$3))),"''","null"),SUBSTITUTE(VLOOKUP(E$2,convert!$A$1:$B$4,2,0),"@@@",E62)) -> 85 | U62: =IF(F62="",IF(ISNUMBER(SEARCH("NOT NULL",UPPER(F$3))),"''","null"),SUBSTITUTE(VLOOKUP(F$2,convert!$A$1:$B$4,2,0),"@@@",F62)) -> 110 | V62: =IF(G62="",IF(ISNUMBER(SEARCH("NOT NULL",UPPER(G$3))),"''","null"),SUBSTITUTE(VLOOKUP(G$2,convert!$A$1:$B$4,2,0),"@@@",G62)) -> 90 | W62: =IF(H62="",IF(ISNUMBER(SEARCH("NOT NULL",UPPER(H$3))),"''","null"),SUBSTITUTE(VLOOKUP(H$2,convert!$A$1:$B$4,2,0),"@@@",H62)) -> 50 | ... AD62: =IF(O62="",IF(ISNUMBER(SEARCH("NOT NULL",UPPER(O$3))),"''","null"),SUBSTITUTE(VLOOKUP(O$2,convert!$A$1:$B$4,2,0),"@@@",O62)) -> TRUE | AE62: =" ("&_xlfn.TEXTJOIN(", ",FALSE,P62:AD62)&")," -> ('0045N01', 'ラフレシア', 75, 80, 85, 110, 90, 50, '', 'grass', 'poison', 'g1', null, null, TRUE),
A63: 0046N01 | B63: パラス | C63: 35 | D63: 70 | E63: 55 | F63: 45 | G63: 55 | H63: 25 | J63: bug | K63: grass | L63: g1 | O63: TRUE | P63: =IF(A63="",IF(ISNUMBER(SEARCH("NOT NULL",UPPER(A$3))),"''","null"),SUBSTITUTE(VLOOKUP(A$2,convert!$A$1:$B$4,2,0),"@@@",A63)) -> '0046N01' | Q63: =IF(B63="",IF(ISNUMBER(SEARCH("NOT NULL",UPPER(B$3))),"''","null"),SUBSTITUTE(VLOOKUP(B$2,convert!$A$1:$B$4,2,0),"@@@",B63)) -> 'パラス' | R63: =IF(C63="",IF(ISNUMBER(SEARCH("NOT NULL",UPPER(C$3))),"''","null"),SUBSTITUTE(VLOOKUP(C$2,convert!$A$1:$B$4,2,0),"@@@",C63)) -> 35 | S63: =IF(D63="",IF(ISNUMBER(SEARCH("NOT NULL",UPPER(D$3))),"''","null"),SUBSTITUTE(VLOOKUP(D$2,convert!$A$1:$B$4,2,0),"@@@",D63)) -> 70 | T63: =IF(E63="",IF(ISNUMBER(SEARCH("NOT NULL",UPPER(E$3))),"''","null"),SUBSTITUTE(VLOOKUP(E$2,convert!$A$1:$B$4,2,0),"@@@",E63)) -> 55 | U63: =IF(F63="",IF(ISNUMBER(SEARCH("NOT NULL",UPPER(F$3))),"''","null"),SUBSTITUTE(VLOOKUP(F$2,convert!$A$1:$B$4,2,0),"@@@",F63)) -> 45 | V63: =IF(G63="",IF(ISNUMBER(SEARCH("NOT NULL",UPPER(G$3))),"''","null"),SUBSTITUTE(VLOOKUP(G$2,convert!$A$1:$B$4,2,0),"@@@",G63)) -> 55 | W63: =IF(H63="",IF(ISNUMBER(SEARCH("NOT NULL",UPPER(H$3))),"''","null"),SUBSTITUTE(VLOOKUP(H$2,convert!$A$1:$B$4,2,0),"@@@",H63)) -> 25 | ... AD63: =IF(O63="",IF(ISNUMBER(SEARCH("NOT NULL",UPPER(O$3))),"''","null"),SUBSTITUTE(VLOOKUP(O$2,convert!$A$1:$B$4,2,0),"@@@",O63)) -> TRUE | AE63: =" ("&_xlfn.TEXTJOIN(", ",FALSE,P63:AD63)&")," -> ('0046N01', 'パラス', 35, 70, 55, 45, 55, 25, '', 'bug', 'grass', 'g1', null, null, TRUE),
A64: 0047N01 | B64: パラセクト | C64: 60 | D64: 95 | E64: 80 | F64: 60 | G64: 80 | H64: 30 | J64: bug | K64: grass | L64: g1 | O64: TRUE | P64: =IF(A64="",IF(ISNUMBER(SEARCH("NOT NULL",UPPER(A$3))),"''","null"),SUBSTITUTE(VLOOKUP(A$2,convert!$A$1:$B$4,2,0),"@@@",A64)) -> '0047N01' | Q64: =IF(B64="",IF(ISNUMBER(SEARCH("NOT NULL",UPPER(B$3))),"''","null"),SUBSTITUTE(VLOOKUP(B$2,convert!$A$1:$B$4,2,0),"@@@",B64)) -> 'パラセクト' | R64: =IF(C64="",IF(ISNUMBER(SEARCH("NOT NULL",UPPER(C$3))),"''","null"),SUBSTITUTE(VLOOKUP(C$2,convert!$A$1:$B$4,2,0),"@@@",C64)) -> 60 | S64: =IF(D64="",IF(ISNUMBER(SEARCH("NOT NULL",UPPER(D$3))),"''","null"),SUBSTITUTE(VLOOKUP(D$2,convert!$A$1:$B$4,2,0),"@@@",D64)) -> 95 | T64: =IF(E64="",IF(ISNUMBER(SEARCH("NOT NULL",UPPER(E$3))),"''","null"),SUBSTITUTE(VLOOKUP(E$2,convert!$A$1:$B$4,2,0),"@@@",E64)) -> 80 | U64: =IF(F64="",IF(ISNUMBER(SEARCH("NOT NULL",UPPER(F$3))),"''","null"),SUBSTITUTE(VLOOKUP(F$2,convert!$A$1:$B$4,2,0),"@@@",F64)) -> 60 | V64: =IF(G64="",IF(ISNUMBER(SEARCH("NOT NULL",UPPER(G$3))),"''","null"),SUBSTITUTE(VLOOKUP(G$2,convert!$A$1:$B$4,2,0),"@@@",G64)) -> 80 | W64: =IF(H64="",IF(ISNUMBER(SEARCH("NOT NULL",UPPER(H$3))),"''","null"),SUBSTITUTE(VLOOKUP(H$2,convert!$A$1:$B$4,2,0),"@@@",H64)) -> 30 | ... AD64: =IF(O64="",IF(ISNUMBER(SEARCH("NOT NULL",UPPER(O$3))),"''","null"),SUBSTITUTE(VLOOKUP(O$2,convert!$A$1:$B$4,2,0),"@@@",O64)) -> TRUE | AE64: =" ("&_xlfn.TEXTJOIN(", ",FALSE,P64:AD64)&")," -> ('0047N01', 'パラセクト', 60, 95, 80, 60, 80, 30, '', 'bug', 'grass', 'g1', null, null, TRUE),
A65: 0048N01 | B65: コンパン | C65: 60 | D65: 55 | E65: 50 | F65: 40 | G65: 55 | H65: 45 | J65: bug | K65: poison | L65: g1 | O65: TRUE | P65: =IF(A65="",IF(ISNUMBER(SEARCH("NOT NULL",UPPER(A$3))),"''","null"),SUBSTITUTE(VLOOKUP(A$2,convert!$A$1:$B$4,2,0),"@@@",A65)) -> '0048N01' | Q65: =IF(B65="",IF(ISNUMBER(SEARCH("NOT NULL",UPPER(B$3))),"''","null"),SUBSTITUTE(VLOOKUP(B$2,convert!$A$1:$B$4,2,0),"@@@",B65)) -> 'コンパン' | R65: =IF(C65="",IF(ISNUMBER(SEARCH("NOT NULL",UPPER(C$3))),"''","null"),SUBSTITUTE(VLOOKUP(C$2,convert!$A$1:$B$4,2,0),"@@@",C65)) -> 60 | S65: =IF(D65="",IF(ISNUMBER(SEARCH("NOT NULL",UPPER(D$3))),"''","null"),SUBSTITUTE(VLOOKUP(D$2,convert!$A$1:$B$4,2,0),"@@@",D65)) -> 55 | T65: =IF(E65="",IF(ISNUMBER(SEARCH("NOT NULL",UPPER(E$3))),"''","null"),SUBSTITUTE(VLOOKUP(E$2,convert!$A$1:$B$4,2,0),"@@@",E65)) -> 50 | U65: =IF(F65="",IF(ISNUMBER(SEARCH("NOT NULL",UPPER(F$3))),"''","null"),SUBSTITUTE(VLOOKUP(F$2,convert!$A$1:$B$4,2,0),"@@@",F65)) -> 40 | V65: =IF(G65="",IF(ISNUMBER(SEARCH("NOT NULL",UPPER(G$3))),"''","null"),SUBSTITUTE(VLOOKUP(G$2,convert!$A$1:$B$4,2,0),"@@@",G65)) -> 55 | W65: =IF(H65="",IF(ISNUMBER(SEARCH("NOT NULL",UPPER(H$3))),"''","null"),SUBSTITUTE(VLOOKUP(H$2,convert!$A$1:$B$4,2,0),"@@@",H65)) -> 45 | ... AD65: =IF(O65="",IF(ISNUMBER(SEARCH("NOT NULL",UPPER(O$3))),"''","null"),SUBSTITUTE(VLOOKUP(O$2,convert!$A$1:$B$4,2,0),"@@@",O65)) -> TRUE | AE65: =" ("&_xlfn.TEXTJOIN(", ",FALSE,P65:AD65)&")," -> ('0048N01', 'コンパン', 60, 55, 50, 40, 55, 45, '', 'bug', 'poison', 'g1', null, null, TRUE),
A66: 0049N01 | B66: モルフォン | C66: 70 | D66: 65 | E66: 60 | F66: 90 | G66: 75 | H66: 90 | J66: bug | K66: poison | L66: g1 | O66: TRUE | P66: =IF(A66="",IF(ISNUMBER(SEARCH("NOT NULL",UPPER(A$3))),"''","null"),SUBSTITUTE(VLOOKUP(A$2,convert!$A$1:$B$4,2,0),"@@@",A66)) -> '0049N01' | Q66: =IF(B66="",IF(ISNUMBER(SEARCH("NOT NULL",UPPER(B$3))),"''","null"),SUBSTITUTE(VLOOKUP(B$2,convert!$A$1:$B$4,2,0),"@@@",B66)) -> 'モルフォン' | R66: =IF(C66="",IF(ISNUMBER(SEARCH("NOT NULL",UPPER(C$3))),"''","null"),SUBSTITUTE(VLOOKUP(C$2,convert!$A$1:$B$4,2,0),"@@@",C66)) -> 70 | S66: =IF(D66="",IF(ISNUMBER(SEARCH("NOT NULL",UPPER(D$3))),"''","null"),SUBSTITUTE(VLOOKUP(D$2,convert!$A$1:$B$4,2,0),"@@@",D66)) -> 65 | T66: =IF(E66="",IF(ISNUMBER(SEARCH("NOT NULL",UPPER(E$3))),"''","null"),SUBSTITUTE(VLOOKUP(E$2,convert!$A$1:$B$4,2,0),"@@@",E66)) -> 60 | U66: =IF(F66="",IF(ISNUMBER(SEARCH("NOT NULL",UPPER(F$3))),"''","null"),SUBSTITUTE(VLOOKUP(F$2,convert!$A$1:$B$4,2,0),"@@@",F66)) -> 90 | V66: =IF(G66="",IF(ISNUMBER(SEARCH("NOT NULL",UPPER(G$3))),"''","null"),SUBSTITUTE(VLOOKUP(G$2,convert!$A$1:$B$4,2,0),"@@@",G66)) -> 75 | W66: =IF(H66="",IF(ISNUMBER(SEARCH("NOT NULL",UPPER(H$3))),"''","null"),SUBSTITUTE(VLOOKUP(H$2,convert!$A$1:$B$4,2,0),"@@@",H66)) -> 90 | ... AD66: =IF(O66="",IF(ISNUMBER(SEARCH("NOT NULL",UPPER(O$3))),"''","null"),SUBSTITUTE(VLOOKUP(O$2,convert!$A$1:$B$4,2,0),"@@@",O66)) -> TRUE | AE66: =" ("&_xlfn.TEXTJOIN(", ",FALSE,P66:AD66)&")," -> ('0049N01', 'モルフォン', 70, 65, 60, 90, 75, 90, '', 'bug', 'poison', 'g1', null, null, TRUE),
A67: 0050N01 | B67: ディグダ | C67: 10 | D67: 55 | E67: 25 | F67: 35 | G67: 45 | H67: 95 | J67: ground | L67: g1 | O67: TRUE | P67: =IF(A67="",IF(ISNUMBER(SEARCH("NOT NULL",UPPER(A$3))),"''","null"),SUBSTITUTE(VLOOKUP(A$2,convert!$A$1:$B$4,2,0),"@@@",A67)) -> '0050N01' | Q67: =IF(B67="",IF(ISNUMBER(SEARCH("NOT NULL",UPPER(B$3))),"''","null"),SUBSTITUTE(VLOOKUP(B$2,convert!$A$1:$B$4,2,0),"@@@",B67)) -> 'ディグダ' | R67: =IF(C67="",IF(ISNUMBER(SEARCH("NOT NULL",UPPER(C$3))),"''","null"),SUBSTITUTE(VLOOKUP(C$2,convert!$A$1:$B$4,2,0),"@@@",C67)) -> 10 | S67: =IF(D67="",IF(ISNUMBER(SEARCH("NOT NULL",UPPER(D$3))),"''","null"),SUBSTITUTE(VLOOKUP(D$2,convert!$A$1:$B$4,2,0),"@@@",D67)) -> 55 | T67: =IF(E67="",IF(ISNUMBER(SEARCH("NOT NULL",UPPER(E$3))),"''","null"),SUBSTITUTE(VLOOKUP(E$2,convert!$A$1:$B$4,2,0),"@@@",E67)) -> 25 | U67: =IF(F67="",IF(ISNUMBER(SEARCH("NOT NULL",UPPER(F$3))),"''","null"),SUBSTITUTE(VLOOKUP(F$2,convert!$A$1:$B$4,2,0),"@@@",F67)) -> 35 | V67: =IF(G67="",IF(ISNUMBER(SEARCH("NOT NULL",UPPER(G$3))),"''","null"),SUBSTITUTE(VLOOKUP(G$2,convert!$A$1:$B$4,2,0),"@@@",G67)) -> 45 | W67: =IF(H67="",IF(ISNUMBER(SEARCH("NOT NULL",UPPER(H$3))),"''","null"),SUBSTITUTE(VLOOKUP(H$2,convert!$A$1:$B$4,2,0),"@@@",H67)) -> 95 | ... AD67: =IF(O67="",IF(ISNUMBER(SEARCH("NOT NULL",UPPER(O$3))),"''","null"),SUBSTITUTE(VLOOKUP(O$2,convert!$A$1:$B$4,2,0),"@@@",O67)) -> TRUE | AE67: =" ("&_xlfn.TEXTJOIN(", ",FALSE,P67:AD67)&")," -> ('0050N01', 'ディグダ', 10, 55, 25, 35, 45, 95, '', 'ground', null, 'g1', null, null, TRUE),
A68: 0050A01 | B68: ディグダ | C68: 10 | D68: 55 | E68: 30 | F68: 35 | G68: 45 | H68: 90 | I68: アローラのすがた | J68: ground | K68: steel | L68: g7 | O68: TRUE | P68: =IF(A68="",IF(ISNUMBER(SEARCH("NOT NULL",UPPER(A$3))),"''","null"),SUBSTITUTE(VLOOKUP(A$2,convert!$A$1:$B$4,2,0),"@@@",A68)) -> '0050A01' | Q68: =IF(B68="",IF(ISNUMBER(SEARCH("NOT NULL",UPPER(B$3))),"''","null"),SUBSTITUTE(VLOOKUP(B$2,convert!$A$1:$B$4,2,0),"@@@",B68)) -> 'ディグダ' | R68: =IF(C68="",IF(ISNUMBER(SEARCH("NOT NULL",UPPER(C$3))),"''","null"),SUBSTITUTE(VLOOKUP(C$2,convert!$A$1:$B$4,2,0),"@@@",C68)) -> 10 | S68: =IF(D68="",IF(ISNUMBER(SEARCH("NOT NULL",UPPER(D$3))),"''","null"),SUBSTITUTE(VLOOKUP(D$2,convert!$A$1:$B$4,2,0),"@@@",D68)) -> 55 | T68: =IF(E68="",IF(ISNUMBER(SEARCH("NOT NULL",UPPER(E$3))),"''","null"),SUBSTITUTE(VLOOKUP(E$2,convert!$A$1:$B$4,2,0),"@@@",E68)) -> 30 | U68: =IF(F68="",IF(ISNUMBER(SEARCH("NOT NULL",UPPER(F$3))),"''","null"),SUBSTITUTE(VLOOKUP(F$2,convert!$A$1:$B$4,2,0),"@@@",F68)) -> 35 | V68: =IF(G68="",IF(ISNUMBER(SEARCH("NOT NULL",UPPER(G$3))),"''","null"),SUBSTITUTE(VLOOKUP(G$2,convert!$A$1:$B$4,2,0),"@@@",G68)) -> 45 | W68: =IF(H68="",IF(ISNUMBER(SEARCH("NOT NULL",UPPER(H$3))),"''","null"),SUBSTITUTE(VLOOKUP(H$2,convert!$A$1:$B$4,2,0),"@@@",H68)) -> 90 | ... AD68: =IF(O68="",IF(ISNUMBER(SEARCH("NOT NULL",UPPER(O$3))),"''","null"),SUBSTITUTE(VLOOKUP(O$2,convert!$A$1:$B$4,2,0),"@@@",O68)) -> TRUE | AE68: =" ("&_xlfn.TEXTJOIN(", ",FALSE,P68:AD68)&")," -> ('0050A01', 'ディグダ', 10, 55, 30, 35, 45, 90, 'アローラのすがた', 'ground', 'steel', 'g7', null, null, TRUE),
A69: 0051N01 | B69: ダグトリオ | C69: 35 | D69: 100 | E69: 50 | F69: 50 | G69: 70 | H69: 120 | J69: ground | L69: g1 | O69: TRUE | P69: =IF(A69="",IF(ISNUMBER(SEARCH("NOT NULL",UPPER(A$3))),"''","null"),SUBSTITUTE(VLOOKUP(A$2,convert!$A$1:$B$4,2,0),"@@@",A69)) -> '0051N01' | Q69: =IF(B69="",IF(ISNUMBER(SEARCH("NOT NULL",UPPER(B$3))),"''","null"),SUBSTITUTE(VLOOKUP(B$2,convert!$A$1:$B$4,2,0),"@@@",B69)) -> 'ダグトリオ' | R69: =IF(C69="",IF(ISNUMBER(SEARCH("NOT NULL",UPPER(C$3))),"''","null"),SUBSTITUTE(VLOOKUP(C$2,convert!$A$1:$B$4,2,0),"@@@",C69)) -> 35 | S69: =IF(D69="",IF(ISNUMBER(SEARCH("NOT NULL",UPPER(D$3))),"''","null"),SUBSTITUTE(VLOOKUP(D$2,convert!$A$1:$B$4,2,0),"@@@",D69)) -> 100 | T69: =IF(E69="",IF(ISNUMBER(SEARCH("NOT NULL",UPPER(E$3))),"''","null"),SUBSTITUTE(VLOOKUP(E$2,convert!$A$1:$B$4,2,0),"@@@",E69)) -> 50 | U69: =IF(F69="",IF(ISNUMBER(SEARCH("NOT NULL",UPPER(F$3))),"''","null"),SUBSTITUTE(VLOOKUP(F$2,convert!$A$1:$B$4,2,0),"@@@",F69)) -> 50 | V69: =IF(G69="",IF(ISNUMBER(SEARCH("NOT NULL",UPPER(G$3))),"''","null"),SUBSTITUTE(VLOOKUP(G$2,convert!$A$1:$B$4,2,0),"@@@",G69)) -> 70 | W69: =IF(H69="",IF(ISNUMBER(SEARCH("NOT NULL",UPPER(H$3))),"''","null"),SUBSTITUTE(VLOOKUP(H$2,convert!$A$1:$B$4,2,0),"@@@",H69)) -> 120 | ... AD69: =IF(O69="",IF(ISNUMBER(SEARCH("NOT NULL",UPPER(O$3))),"''","null"),SUBSTITUTE(VLOOKUP(O$2,convert!$A$1:$B$4,2,0),"@@@",O69)) -> TRUE | AE69: =" ("&_xlfn.TEXTJOIN(", ",FALSE,P69:AD69)&")," -> ('0051N01', 'ダグトリオ', 35, 100, 50, 50, 70, 120, '', 'ground', null, 'g1', null, null, TRUE),
A70: 0051A01 | B70: ダグトリオ | C70: 35 | D70: 100 | E70: 60 | F70: 50 | G70: 70 | H70: 110 | I70: アローラのすがた | J70: ground | K70: steel | L70: g7 | O70: TRUE | P70: =IF(A70="",IF(ISNUMBER(SEARCH("NOT NULL",UPPER(A$3))),"''","null"),SUBSTITUTE(VLOOKUP(A$2,convert!$A$1:$B$4,2,0),"@@@",A70)) -> '0051A01' | Q70: =IF(B70="",IF(ISNUMBER(SEARCH("NOT NULL",UPPER(B$3))),"''","null"),SUBSTITUTE(VLOOKUP(B$2,convert!$A$1:$B$4,2,0),"@@@",B70)) -> 'ダグトリオ' | R70: =IF(C70="",IF(ISNUMBER(SEARCH("NOT NULL",UPPER(C$3))),"''","null"),SUBSTITUTE(VLOOKUP(C$2,convert!$A$1:$B$4,2,0),"@@@",C70)) -> 35 | S70: =IF(D70="",IF(ISNUMBER(SEARCH("NOT NULL",UPPER(D$3))),"''","null"),SUBSTITUTE(VLOOKUP(D$2,convert!$A$1:$B$4,2,0),"@@@",D70)) -> 100 | T70: =IF(E70="",IF(ISNUMBER(SEARCH("NOT NULL",UPPER(E$3))),"''","null"),SUBSTITUTE(VLOOKUP(E$2,convert!$A$1:$B$4,2,0),"@@@",E70)) -> 60 | U70: =IF(F70="",IF(ISNUMBER(SEARCH("NOT NULL",UPPER(F$3))),"''","null"),SUBSTITUTE(VLOOKUP(F$2,convert!$A$1:$B$4,2,0),"@@@",F70)) -> 50 | V70: =IF(G70="",IF(ISNUMBER(SEARCH("NOT NULL",UPPER(G$3))),"''","null"),SUBSTITUTE(VLOOKUP(G$2,convert!$A$1:$B$4,2,0),"@@@",G70)) -> 70 | W70: =IF(H70="",IF(ISNUMBER(SEARCH("NOT NULL",UPPER(H$3))),"''","null"),SUBSTITUTE(VLOOKUP(H$2,convert!$A$1:$B$4,2,0),"@@@",H70)) -> 110 | ... AD70: =IF(O70="",IF(ISNUMBER(SEARCH("NOT NULL",UPPER(O$3))),"''","null"),SUBSTITUTE(VLOOKUP(O$2,convert!$A$1:$B$4,2,0),"@@@",O70)) -> TRUE | AE70: =" ("&_xlfn.TEXTJOIN(", ",FALSE,P70:AD70)&")," -> ('0051A01', 'ダグトリオ', 35, 100, 60, 50, 70, 110, 'アローラのすがた', 'ground', 'steel', 'g7', null, null, TRUE),
A71: 0052N01 | B71: ニャース | C71: 40 | D71: 45 | E71: 35 | F71: 40 | G71: 40 | H71: 90 | J71: normal | L71: g1 | O71: TRUE | P71: =IF(A71="",IF(ISNUMBER(SEARCH("NOT NULL",UPPER(A$3))),"''","null"),SUBSTITUTE(VLOOKUP(A$2,convert!$A$1:$B$4,2,0),"@@@",A71)) -> '0052N01' | Q71: =IF(B71="",IF(ISNUMBER(SEARCH("NOT NULL",UPPER(B$3))),"''","null"),SUBSTITUTE(VLOOKUP(B$2,convert!$A$1:$B$4,2,0),"@@@",B71)) -> 'ニャース' | R71: =IF(C71="",IF(ISNUMBER(SEARCH("NOT NULL",UPPER(C$3))),"''","null"),SUBSTITUTE(VLOOKUP(C$2,convert!$A$1:$B$4,2,0),"@@@",C71)) -> 40 | S71: =IF(D71="",IF(ISNUMBER(SEARCH("NOT NULL",UPPER(D$3))),"''","null"),SUBSTITUTE(VLOOKUP(D$2,convert!$A$1:$B$4,2,0),"@@@",D71)) -> 45 | T71: =IF(E71="",IF(ISNUMBER(SEARCH("NOT NULL",UPPER(E$3))),"''","null"),SUBSTITUTE(VLOOKUP(E$2,convert!$A$1:$B$4,2,0),"@@@",E71)) -> 35 | U71: =IF(F71="",IF(ISNUMBER(SEARCH("NOT NULL",UPPER(F$3))),"''","null"),SUBSTITUTE(VLOOKUP(F$2,convert!$A$1:$B$4,2,0),"@@@",F71)) -> 40 | V71: =IF(G71="",IF(ISNUMBER(SEARCH("NOT NULL",UPPER(G$3))),"''","null"),SUBSTITUTE(VLOOKUP(G$2,convert!$A$1:$B$4,2,0),"@@@",G71)) -> 40 | W71: =IF(H71="",IF(ISNUMBER(SEARCH("NOT NULL",UPPER(H$3))),"''","null"),SUBSTITUTE(VLOOKUP(H$2,convert!$A$1:$B$4,2,0),"@@@",H71)) -> 90 | ... AD71: =IF(O71="",IF(ISNUMBER(SEARCH("NOT NULL",UPPER(O$3))),"''","null"),SUBSTITUTE(VLOOKUP(O$2,convert!$A$1:$B$4,2,0),"@@@",O71)) -> TRUE | AE71: =" ("&_xlfn.TEXTJOIN(", ",FALSE,P71:AD71)&")," -> ('0052N01', 'ニャース', 40, 45, 35, 40, 40, 90, '', 'normal', null, 'g1', null, null, TRUE),
A72: 0052A01 | B72: ニャース | C72: 40 | D72: 35 | E72: 35 | F72: 50 | G72: 40 | H72: 90 | I72: アローラのすがた | J72: dark | L72: g7 | O72: TRUE | P72: =IF(A72="",IF(ISNUMBER(SEARCH("NOT NULL",UPPER(A$3))),"''","null"),SUBSTITUTE(VLOOKUP(A$2,convert!$A$1:$B$4,2,0),"@@@",A72)) -> '0052A01' | Q72: =IF(B72="",IF(ISNUMBER(SEARCH("NOT NULL",UPPER(B$3))),"''","null"),SUBSTITUTE(VLOOKUP(B$2,convert!$A$1:$B$4,2,0),"@@@",B72)) -> 'ニャース' | R72: =IF(C72="",IF(ISNUMBER(SEARCH("NOT NULL",UPPER(C$3))),"''","null"),SUBSTITUTE(VLOOKUP(C$2,convert!$A$1:$B$4,2,0),"@@@",C72)) -> 40 | S72: =IF(D72="",IF(ISNUMBER(SEARCH("NOT NULL",UPPER(D$3))),"''","null"),SUBSTITUTE(VLOOKUP(D$2,convert!$A$1:$B$4,2,0),"@@@",D72)) -> 35 | T72: =IF(E72="",IF(ISNUMBER(SEARCH("NOT NULL",UPPER(E$3))),"''","null"),SUBSTITUTE(VLOOKUP(E$2,convert!$A$1:$B$4,2,0),"@@@",E72)) -> 35 | U72: =IF(F72="",IF(ISNUMBER(SEARCH("NOT NULL",UPPER(F$3))),"''","null"),SUBSTITUTE(VLOOKUP(F$2,convert!$A$1:$B$4,2,0),"@@@",F72)) -> 50 | V72: =IF(G72="",IF(ISNUMBER(SEARCH("NOT NULL",UPPER(G$3))),"''","null"),SUBSTITUTE(VLOOKUP(G$2,convert!$A$1:$B$4,2,0),"@@@",G72)) -> 40 | W72: =IF(H72="",IF(ISNUMBER(SEARCH("NOT NULL",UPPER(H$3))),"''","null"),SUBSTITUTE(VLOOKUP(H$2,convert!$A$1:$B$4,2,0),"@@@",H72)) -> 90 | ... AD72: =IF(O72="",IF(ISNUMBER(SEARCH("NOT NULL",UPPER(O$3))),"''","null"),SUBSTITUTE(VLOOKUP(O$2,convert!$A$1:$B$4,2,0),"@@@",O72)) -> TRUE | AE72: =" ("&_xlfn.TEXTJOIN(", ",FALSE,P72:AD72)&")," -> ('0052A01', 'ニャース', 40, 35, 35, 50, 40, 90, 'アローラのすがた', 'dark', null, 'g7', null, null, TRUE),
A73: 0052G01 | B73: ニャース | C73: 50 | D73: 65 | E73: 55 | F73: 40 | G73: 40 | H73: 40 | I73: ガラルのすがた | J73: steel | L73: g8 | O73: TRUE | P73: =IF(A73="",IF(ISNUMBER(SEARCH("NOT NULL",UPPER(A$3))),"''","null"),SUBSTITUTE(VLOOKUP(A$2,convert!$A$1:$B$4,2,0),"@@@",A73)) -> '0052G01' | Q73: =IF(B73="",IF(ISNUMBER(SEARCH("NOT NULL",UPPER(B$3))),"''","null"),SUBSTITUTE(VLOOKUP(B$2,convert!$A$1:$B$4,2,0),"@@@",B73)) -> 'ニャース' | R73: =IF(C73="",IF(ISNUMBER(SEARCH("NOT NULL",UPPER(C$3))),"''","null"),SUBSTITUTE(VLOOKUP(C$2,convert!$A$1:$B$4,2,0),"@@@",C73)) -> 50 | S73: =IF(D73="",IF(ISNUMBER(SEARCH("NOT NULL",UPPER(D$3))),"''","null"),SUBSTITUTE(VLOOKUP(D$2,convert!$A$1:$B$4,2,0),"@@@",D73)) -> 65 | T73: =IF(E73="",IF(ISNUMBER(SEARCH("NOT NULL",UPPER(E$3))),"''","null"),SUBSTITUTE(VLOOKUP(E$2,convert!$A$1:$B$4,2,0),"@@@",E73)) -> 55 | U73: =IF(F73="",IF(ISNUMBER(SEARCH("NOT NULL",UPPER(F$3))),"''","null"),SUBSTITUTE(VLOOKUP(F$2,convert!$A$1:$B$4,2,0),"@@@",F73)) -> 40 | V73: =IF(G73="",IF(ISNUMBER(SEARCH("NOT NULL",UPPER(G$3))),"''","null"),SUBSTITUTE(VLOOKUP(G$2,convert!$A$1:$B$4,2,0),"@@@",G73)) -> 40 | W73: =IF(H73="",IF(ISNUMBER(SEARCH("NOT NULL",UPPER(H$3))),"''","null"),SUBSTITUTE(VLOOKUP(H$2,convert!$A$1:$B$4,2,0),"@@@",H73)) -> 40 | ... AD73: =IF(O73="",IF(ISNUMBER(SEARCH("NOT NULL",UPPER(O$3))),"''","null"),SUBSTITUTE(VLOOKUP(O$2,convert!$A$1:$B$4,2,0),"@@@",O73)) -> TRUE | AE73: =" ("&_xlfn.TEXTJOIN(", ",FALSE,P73:AD73)&")," -> ('0052G01', 'ニャース', 50, 65, 55, 40, 40, 40, 'ガラルのすがた', 'steel', null, 'g8', null, null, TRUE),
A74: 0053N01 | B74: ペルシアン | C74: 65 | D74: 70 | E74: 60 | F74: 65 | G74: 65 | H74: 115 | J74: normal | L74: g1 | O74: TRUE | P74: =IF(A74="",IF(ISNUMBER(SEARCH("NOT NULL",UPPER(A$3))),"''","null"),SUBSTITUTE(VLOOKUP(A$2,convert!$A$1:$B$4,2,0),"@@@",A74)) -> '0053N01' | Q74: =IF(B74="",IF(ISNUMBER(SEARCH("NOT NULL",UPPER(B$3))),"''","null"),SUBSTITUTE(VLOOKUP(B$2,convert!$A$1:$B$4,2,0),"@@@",B74)) -> 'ペルシアン' | R74: =IF(C74="",IF(ISNUMBER(SEARCH("NOT NULL",UPPER(C$3))),"''","null"),SUBSTITUTE(VLOOKUP(C$2,convert!$A$1:$B$4,2,0),"@@@",C74)) -> 65 | S74: =IF(D74="",IF(ISNUMBER(SEARCH("NOT NULL",UPPER(D$3))),"''","null"),SUBSTITUTE(VLOOKUP(D$2,convert!$A$1:$B$4,2,0),"@@@",D74)) -> 70 | T74: =IF(E74="",IF(ISNUMBER(SEARCH("NOT NULL",UPPER(E$3))),"''","null"),SUBSTITUTE(VLOOKUP(E$2,convert!$A$1:$B$4,2,0),"@@@",E74)) -> 60 | U74: =IF(F74="",IF(ISNUMBER(SEARCH("NOT NULL",UPPER(F$3))),"''","null"),SUBSTITUTE(VLOOKUP(F$2,convert!$A$1:$B$4,2,0),"@@@",F74)) -> 65 | V74: =IF(G74="",IF(ISNUMBER(SEARCH("NOT NULL",UPPER(G$3))),"''","null"),SUBSTITUTE(VLOOKUP(G$2,convert!$A$1:$B$4,2,0),"@@@",G74)) -> 65 | W74: =IF(H74="",IF(ISNUMBER(SEARCH("NOT NULL",UPPER(H$3))),"''","null"),SUBSTITUTE(VLOOKUP(H$2,convert!$A$1:$B$4,2,0),"@@@",H74)) -> 115 | ... AD74: =IF(O74="",IF(ISNUMBER(SEARCH("NOT NULL",UPPER(O$3))),"''","null"),SUBSTITUTE(VLOOKUP(O$2,convert!$A$1:$B$4,2,0),"@@@",O74)) -> TRUE | AE74: =" ("&_xlfn.TEXTJOIN(", ",FALSE,P74:AD74)&")," -> ('0053N01', 'ペルシアン', 65, 70, 60, 65, 65, 115, '', 'normal', null, 'g1', null, null, TRUE),
A75: 0053A01 | B75: ペルシアン | C75: 65 | D75: 60 | E75: 60 | F75: 75 | G75: 65 | H75: 115 | I75: アローラのすがた | J75: dark | L75: g7 | O75: TRUE | P75: =IF(A75="",IF(ISNUMBER(SEARCH("NOT NULL",UPPER(A$3))),"''","null"),SUBSTITUTE(VLOOKUP(A$2,convert!$A$1:$B$4,2,0),"@@@",A75)) -> '0053A01' | Q75: =IF(B75="",IF(ISNUMBER(SEARCH("NOT NULL",UPPER(B$3))),"''","null"),SUBSTITUTE(VLOOKUP(B$2,convert!$A$1:$B$4,2,0),"@@@",B75)) -> 'ペルシアン' | R75: =IF(C75="",IF(ISNUMBER(SEARCH("NOT NULL",UPPER(C$3))),"''","null"),SUBSTITUTE(VLOOKUP(C$2,convert!$A$1:$B$4,2,0),"@@@",C75)) -> 65 | S75: =IF(D75="",IF(ISNUMBER(SEARCH("NOT NULL",UPPER(D$3))),"''","null"),SUBSTITUTE(VLOOKUP(D$2,convert!$A$1:$B$4,2,0),"@@@",D75)) -> 60 | T75: =IF(E75="",IF(ISNUMBER(SEARCH("NOT NULL",UPPER(E$3))),"''","null"),SUBSTITUTE(VLOOKUP(E$2,convert!$A$1:$B$4,2,0),"@@@",E75)) -> 60 | U75: =IF(F75="",IF(ISNUMBER(SEARCH("NOT NULL",UPPER(F$3))),"''","null"),SUBSTITUTE(VLOOKUP(F$2,convert!$A$1:$B$4,2,0),"@@@",F75)) -> 75 | V75: =IF(G75="",IF(ISNUMBER(SEARCH("NOT NULL",UPPER(G$3))),"''","null"),SUBSTITUTE(VLOOKUP(G$2,convert!$A$1:$B$4,2,0),"@@@",G75)) -> 65 | W75: =IF(H75="",IF(ISNUMBER(SEARCH("NOT NULL",UPPER(H$3))),"''","null"),SUBSTITUTE(VLOOKUP(H$2,convert!$A$1:$B$4,2,0),"@@@",H75)) -> 115 | ... AD75: =IF(O75="",IF(ISNUMBER(SEARCH("NOT NULL",UPPER(O$3))),"''","null"),SUBSTITUTE(VLOOKUP(O$2,convert!$A$1:$B$4,2,0),"@@@",O75)) -> TRUE | AE75: =" ("&_xlfn.TEXTJOIN(", ",FALSE,P75:AD75)&")," -> ('0053A01', 'ペルシアン', 65, 60, 60, 75, 65, 115, 'アローラのすがた', 'dark', null, 'g7', null, null, TRUE),
A76: 0054N01 | B76: コダック | C76: 50 | D76: 52 | E76: 48 | F76: 65 | G76: 50 | H76: 55 | J76: water | L76: g1 | O76: TRUE | P76: =IF(A76="",IF(ISNUMBER(SEARCH("NOT NULL",UPPER(A$3))),"''","null"),SUBSTITUTE(VLOOKUP(A$2,convert!$A$1:$B$4,2,0),"@@@",A76)) -> '0054N01' | Q76: =IF(B76="",IF(ISNUMBER(SEARCH("NOT NULL",UPPER(B$3))),"''","null"),SUBSTITUTE(VLOOKUP(B$2,convert!$A$1:$B$4,2,0),"@@@",B76)) -> 'コダック' | R76: =IF(C76="",IF(ISNUMBER(SEARCH("NOT NULL",UPPER(C$3))),"''","null"),SUBSTITUTE(VLOOKUP(C$2,convert!$A$1:$B$4,2,0),"@@@",C76)) -> 50 | S76: =IF(D76="",IF(ISNUMBER(SEARCH("NOT NULL",UPPER(D$3))),"''","null"),SUBSTITUTE(VLOOKUP(D$2,convert!$A$1:$B$4,2,0),"@@@",D76)) -> 52 | T76: =IF(E76="",IF(ISNUMBER(SEARCH("NOT NULL",UPPER(E$3))),"''","null"),SUBSTITUTE(VLOOKUP(E$2,convert!$A$1:$B$4,2,0),"@@@",E76)) -> 48 | U76: =IF(F76="",IF(ISNUMBER(SEARCH("NOT NULL",UPPER(F$3))),"''","null"),SUBSTITUTE(VLOOKUP(F$2,convert!$A$1:$B$4,2,0),"@@@",F76)) -> 65 | V76: =IF(G76="",IF(ISNUMBER(SEARCH("NOT NULL",UPPER(G$3))),"''","null"),SUBSTITUTE(VLOOKUP(G$2,convert!$A$1:$B$4,2,0),"@@@",G76)) -> 50 | W76: =IF(H76="",IF(ISNUMBER(SEARCH("NOT NULL",UPPER(H$3))),"''","null"),SUBSTITUTE(VLOOKUP(H$2,convert!$A$1:$B$4,2,0),"@@@",H76)) -> 55 | ... AD76: =IF(O76="",IF(ISNUMBER(SEARCH("NOT NULL",UPPER(O$3))),"''","null"),SUBSTITUTE(VLOOKUP(O$2,convert!$A$1:$B$4,2,0),"@@@",O76)) -> TRUE | AE76: =" ("&_xlfn.TEXTJOIN(", ",FALSE,P76:AD76)&")," -> ('0054N01', 'コダック', 50, 52, 48, 65, 50, 55, '', 'water', null, 'g1', null, null, TRUE),
A77: 0055N01 | B77: ゴルダック | C77: 80 | D77: 82 | E77: 78 | F77: 95 | G77: 80 | H77: 85 | J77: water | L77: g1 | O77: TRUE | P77: =IF(A77="",IF(ISNUMBER(SEARCH("NOT NULL",UPPER(A$3))),"''","null"),SUBSTITUTE(VLOOKUP(A$2,convert!$A$1:$B$4,2,0),"@@@",A77)) -> '0055N01' | Q77: =IF(B77="",IF(ISNUMBER(SEARCH("NOT NULL",UPPER(B$3))),"''","null"),SUBSTITUTE(VLOOKUP(B$2,convert!$A$1:$B$4,2,0),"@@@",B77)) -> 'ゴルダック' | R77: =IF(C77="",IF(ISNUMBER(SEARCH("NOT NULL",UPPER(C$3))),"''","null"),SUBSTITUTE(VLOOKUP(C$2,convert!$A$1:$B$4,2,0),"@@@",C77)) -> 80 | S77: =IF(D77="",IF(ISNUMBER(SEARCH("NOT NULL",UPPER(D$3))),"''","null"),SUBSTITUTE(VLOOKUP(D$2,convert!$A$1:$B$4,2,0),"@@@",D77)) -> 82 | T77: =IF(E77="",IF(ISNUMBER(SEARCH("NOT NULL",UPPER(E$3))),"''","null"),SUBSTITUTE(VLOOKUP(E$2,convert!$A$1:$B$4,2,0),"@@@",E77)) -> 78 | U77: =IF(F77="",IF(ISNUMBER(SEARCH("NOT NULL",UPPER(F$3))),"''","null"),SUBSTITUTE(VLOOKUP(F$2,convert!$A$1:$B$4,2,0),"@@@",F77)) -> 95 | V77: =IF(G77="",IF(ISNUMBER(SEARCH("NOT NULL",UPPER(G$3))),"''","null"),SUBSTITUTE(VLOOKUP(G$2,convert!$A$1:$B$4,2,0),"@@@",G77)) -> 80 | W77: =IF(H77="",IF(ISNUMBER(SEARCH("NOT NULL",UPPER(H$3))),"''","null"),SUBSTITUTE(VLOOKUP(H$2,convert!$A$1:$B$4,2,0),"@@@",H77)) -> 85 | ... AD77: =IF(O77="",IF(ISNUMBER(SEARCH("NOT NULL",UPPER(O$3))),"''","null"),SUBSTITUTE(VLOOKUP(O$2,convert!$A$1:$B$4,2,0),"@@@",O77)) -> TRUE | AE77: =" ("&_xlfn.TEXTJOIN(", ",FALSE,P77:AD77)&")," -> ('0055N01', 'ゴルダック', 80, 82, 78, 95, 80, 85, '', 'water', null, 'g1', null, null, TRUE),
A78: 0056N01 | B78: マンキー | C78: 40 | D78: 80 | E78: 35 | F78: 35 | G78: 45 | H78: 70 | J78: fighting | L78: g1 | O78: TRUE | P78: =IF(A78="",IF(ISNUMBER(SEARCH("NOT NULL",UPPER(A$3))),"''","null"),SUBSTITUTE(VLOOKUP(A$2,convert!$A$1:$B$4,2,0),"@@@",A78)) -> '0056N01' | Q78: =IF(B78="",IF(ISNUMBER(SEARCH("NOT NULL",UPPER(B$3))),"''","null"),SUBSTITUTE(VLOOKUP(B$2,convert!$A$1:$B$4,2,0),"@@@",B78)) -> 'マンキー' | R78: =IF(C78="",IF(ISNUMBER(SEARCH("NOT NULL",UPPER(C$3))),"''","null"),SUBSTITUTE(VLOOKUP(C$2,convert!$A$1:$B$4,2,0),"@@@",C78)) -> 40 | S78: =IF(D78="",IF(ISNUMBER(SEARCH("NOT NULL",UPPER(D$3))),"''","null"),SUBSTITUTE(VLOOKUP(D$2,convert!$A$1:$B$4,2,0),"@@@",D78)) -> 80 | T78: =IF(E78="",IF(ISNUMBER(SEARCH("NOT NULL",UPPER(E$3))),"''","null"),SUBSTITUTE(VLOOKUP(E$2,convert!$A$1:$B$4,2,0),"@@@",E78)) -> 35 | U78: =IF(F78="",IF(ISNUMBER(SEARCH("NOT NULL",UPPER(F$3))),"''","null"),SUBSTITUTE(VLOOKUP(F$2,convert!$A$1:$B$4,2,0),"@@@",F78)) -> 35 | V78: =IF(G78="",IF(ISNUMBER(SEARCH("NOT NULL",UPPER(G$3))),"''","null"),SUBSTITUTE(VLOOKUP(G$2,convert!$A$1:$B$4,2,0),"@@@",G78)) -> 45 | W78: =IF(H78="",IF(ISNUMBER(SEARCH("NOT NULL",UPPER(H$3))),"''","null"),SUBSTITUTE(VLOOKUP(H$2,convert!$A$1:$B$4,2,0),"@@@",H78)) -> 70 | ... AD78: =IF(O78="",IF(ISNUMBER(SEARCH("NOT NULL",UPPER(O$3))),"''","null"),SUBSTITUTE(VLOOKUP(O$2,convert!$A$1:$B$4,2,0),"@@@",O78)) -> TRUE | AE78: =" ("&_xlfn.TEXTJOIN(", ",FALSE,P78:AD78)&")," -> ('0056N01', 'マンキー', 40, 80, 35, 35, 45, 70, '', 'fighting', null, 'g1', null, null, TRUE),
A79: 0057N01 | B79: オコリザル | C79: 65 | D79: 105 | E79: 60 | F79: 60 | G79: 70 | H79: 95 | J79: fighting | L79: g1 | O79: TRUE | P79: =IF(A79="",IF(ISNUMBER(SEARCH("NOT NULL",UPPER(A$3))),"''","null"),SUBSTITUTE(VLOOKUP(A$2,convert!$A$1:$B$4,2,0),"@@@",A79)) -> '0057N01' | Q79: =IF(B79="",IF(ISNUMBER(SEARCH("NOT NULL",UPPER(B$3))),"''","null"),SUBSTITUTE(VLOOKUP(B$2,convert!$A$1:$B$4,2,0),"@@@",B79)) -> 'オコリザル' | R79: =IF(C79="",IF(ISNUMBER(SEARCH("NOT NULL",UPPER(C$3))),"''","null"),SUBSTITUTE(VLOOKUP(C$2,convert!$A$1:$B$4,2,0),"@@@",C79)) -> 65 | S79: =IF(D79="",IF(ISNUMBER(SEARCH("NOT NULL",UPPER(D$3))),"''","null"),SUBSTITUTE(VLOOKUP(D$2,convert!$A$1:$B$4,2,0),"@@@",D79)) -> 105 | T79: =IF(E79="",IF(ISNUMBER(SEARCH("NOT NULL",UPPER(E$3))),"''","null"),SUBSTITUTE(VLOOKUP(E$2,convert!$A$1:$B$4,2,0),"@@@",E79)) -> 60 | U79: =IF(F79="",IF(ISNUMBER(SEARCH("NOT NULL",UPPER(F$3))),"''","null"),SUBSTITUTE(VLOOKUP(F$2,convert!$A$1:$B$4,2,0),"@@@",F79)) -> 60 | V79: =IF(G79="",IF(ISNUMBER(SEARCH("NOT NULL",UPPER(G$3))),"''","null"),SUBSTITUTE(VLOOKUP(G$2,convert!$A$1:$B$4,2,0),"@@@",G79)) -> 70 | W79: =IF(H79="",IF(ISNUMBER(SEARCH("NOT NULL",UPPER(H$3))),"''","null"),SUBSTITUTE(VLOOKUP(H$2,convert!$A$1:$B$4,2,0),"@@@",H79)) -> 95 | ... AD79: =IF(O79="",IF(ISNUMBER(SEARCH("NOT NULL",UPPER(O$3))),"''","null"),SUBSTITUTE(VLOOKUP(O$2,convert!$A$1:$B$4,2,0),"@@@",O79)) -> TRUE | AE79: =" ("&_xlfn.TEXTJOIN(", ",FALSE,P79:AD79)&")," -> ('0057N01', 'オコリザル', 65, 105, 60, 60, 70, 95, '', 'fighting', null, 'g1', null, null, TRUE),
A80: 0058N01 | B80: ガーディ | C80: 55 | D80: 70 | E80: 45 | F80: 70 | G80: 50 | H80: 60 | J80: fire | L80: g1 | O80: TRUE | P80: =IF(A80="",IF(ISNUMBER(SEARCH("NOT NULL",UPPER(A$3))),"''","null"),SUBSTITUTE(VLOOKUP(A$2,convert!$A$1:$B$4,2,0),"@@@",A80)) -> '0058N01' | Q80: =IF(B80="",IF(ISNUMBER(SEARCH("NOT NULL",UPPER(B$3))),"''","null"),SUBSTITUTE(VLOOKUP(B$2,convert!$A$1:$B$4,2,0),"@@@",B80)) -> 'ガーディ' | R80: =IF(C80="",IF(ISNUMBER(SEARCH("NOT NULL",UPPER(C$3))),"''","null"),SUBSTITUTE(VLOOKUP(C$2,convert!$A$1:$B$4,2,0),"@@@",C80)) -> 55 | S80: =IF(D80="",IF(ISNUMBER(SEARCH("NOT NULL",UPPER(D$3))),"''","null"),SUBSTITUTE(VLOOKUP(D$2,convert!$A$1:$B$4,2,0),"@@@",D80)) -> 70 | T80: =IF(E80="",IF(ISNUMBER(SEARCH("NOT NULL",UPPER(E$3))),"''","null"),SUBSTITUTE(VLOOKUP(E$2,convert!$A$1:$B$4,2,0),"@@@",E80)) -> 45 | U80: =IF(F80="",IF(ISNUMBER(SEARCH("NOT NULL",UPPER(F$3))),"''","null"),SUBSTITUTE(VLOOKUP(F$2,convert!$A$1:$B$4,2,0),"@@@",F80)) -> 70 | V80: =IF(G80="",IF(ISNUMBER(SEARCH("NOT NULL",UPPER(G$3))),"''","null"),SUBSTITUTE(VLOOKUP(G$2,convert!$A$1:$B$4,2,0),"@@@",G80)) -> 50 | W80: =IF(H80="",IF(ISNUMBER(SEARCH("NOT NULL",UPPER(H$3))),"''","null"),SUBSTITUTE(VLOOKUP(H$2,convert!$A$1:$B$4,2,0),"@@@",H80)) -> 60 | ... AD80: =IF(O80="",IF(ISNUMBER(SEARCH("NOT NULL",UPPER(O$3))),"''","null"),SUBSTITUTE(VLOOKUP(O$2,convert!$A$1:$B$4,2,0),"@@@",O80)) -> TRUE | AE80: =" ("&_xlfn.TEXTJOIN(", ",FALSE,P80:AD80)&")," -> ('0058N01', 'ガーディ', 55, 70, 45, 70, 50, 60, '', 'fire', null, 'g1', null, null, TRUE),
A81: 0058H01 | B81: ガーディ | C81: 60 | D81: 75 | E81: 45 | F81: 65 | G81: 50 | H81: 55 | I81: ヒスイのすがた | J81: fire | K81: rock | L81: g8arceus | O81: TRUE | P81: =IF(A81="",IF(ISNUMBER(SEARCH("NOT NULL",UPPER(A$3))),"''","null"),SUBSTITUTE(VLOOKUP(A$2,convert!$A$1:$B$4,2,0),"@@@",A81)) -> '0058H01' | Q81: =IF(B81="",IF(ISNUMBER(SEARCH("NOT NULL",UPPER(B$3))),"''","null"),SUBSTITUTE(VLOOKUP(B$2,convert!$A$1:$B$4,2,0),"@@@",B81)) -> 'ガーディ' | R81: =IF(C81="",IF(ISNUMBER(SEARCH("NOT NULL",UPPER(C$3))),"''","null"),SUBSTITUTE(VLOOKUP(C$2,convert!$A$1:$B$4,2,0),"@@@",C81)) -> 60 | S81: =IF(D81="",IF(ISNUMBER(SEARCH("NOT NULL",UPPER(D$3))),"''","null"),SUBSTITUTE(VLOOKUP(D$2,convert!$A$1:$B$4,2,0),"@@@",D81)) -> 75 | T81: =IF(E81="",IF(ISNUMBER(SEARCH("NOT NULL",UPPER(E$3))),"''","null"),SUBSTITUTE(VLOOKUP(E$2,convert!$A$1:$B$4,2,0),"@@@",E81)) -> 45 | U81: =IF(F81="",IF(ISNUMBER(SEARCH("NOT NULL",UPPER(F$3))),"''","null"),SUBSTITUTE(VLOOKUP(F$2,convert!$A$1:$B$4,2,0),"@@@",F81)) -> 65 | V81: =IF(G81="",IF(ISNUMBER(SEARCH("NOT NULL",UPPER(G$3))),"''","null"),SUBSTITUTE(VLOOKUP(G$2,convert!$A$1:$B$4,2,0),"@@@",G81)) -> 50 | W81: =IF(H81="",IF(ISNUMBER(SEARCH("NOT NULL",UPPER(H$3))),"''","null"),SUBSTITUTE(VLOOKUP(H$2,convert!$A$1:$B$4,2,0),"@@@",H81)) -> 55 | ... AD81: =IF(O81="",IF(ISNUMBER(SEARCH("NOT NULL",UPPER(O$3))),"''","null"),SUBSTITUTE(VLOOKUP(O$2,convert!$A$1:$B$4,2,0),"@@@",O81)) -> TRUE | AE81: =" ("&_xlfn.TEXTJOIN(", ",FALSE,P81:AD81)&")," -> ('0058H01', 'ガーディ', 60, 75, 45, 65, 50, 55, 'ヒスイのすがた', 'fire', 'rock', 'g8arceus', null, null, TRUE),
A82: 0059N01 | B82: ウインディ | C82: 90 | D82: 110 | E82: 80 | F82: 100 | G82: 80 | H82: 95 | J82: fire | L82: g1 | O82: TRUE | P82: =IF(A82="",IF(ISNUMBER(SEARCH("NOT NULL",UPPER(A$3))),"''","null"),SUBSTITUTE(VLOOKUP(A$2,convert!$A$1:$B$4,2,0),"@@@",A82)) -> '0059N01' | Q82: =IF(B82="",IF(ISNUMBER(SEARCH("NOT NULL",UPPER(B$3))),"''","null"),SUBSTITUTE(VLOOKUP(B$2,convert!$A$1:$B$4,2,0),"@@@",B82)) -> 'ウインディ' | R82: =IF(C82="",IF(ISNUMBER(SEARCH("NOT NULL",UPPER(C$3))),"''","null"),SUBSTITUTE(VLOOKUP(C$2,convert!$A$1:$B$4,2,0),"@@@",C82)) -> 90 | S82: =IF(D82="",IF(ISNUMBER(SEARCH("NOT NULL",UPPER(D$3))),"''","null"),SUBSTITUTE(VLOOKUP(D$2,convert!$A$1:$B$4,2,0),"@@@",D82)) -> 110 | T82: =IF(E82="",IF(ISNUMBER(SEARCH("NOT NULL",UPPER(E$3))),"''","null"),SUBSTITUTE(VLOOKUP(E$2,convert!$A$1:$B$4,2,0),"@@@",E82)) -> 80 | U82: =IF(F82="",IF(ISNUMBER(SEARCH("NOT NULL",UPPER(F$3))),"''","null"),SUBSTITUTE(VLOOKUP(F$2,convert!$A$1:$B$4,2,0),"@@@",F82)) -> 100 | V82: =IF(G82="",IF(ISNUMBER(SEARCH("NOT NULL",UPPER(G$3))),"''","null"),SUBSTITUTE(VLOOKUP(G$2,convert!$A$1:$B$4,2,0),"@@@",G82)) -> 80 | W82: =IF(H82="",IF(ISNUMBER(SEARCH("NOT NULL",UPPER(H$3))),"''","null"),SUBSTITUTE(VLOOKUP(H$2,convert!$A$1:$B$4,2,0),"@@@",H82)) -> 95 | ... AD82: =IF(O82="",IF(ISNUMBER(SEARCH("NOT NULL",UPPER(O$3))),"''","null"),SUBSTITUTE(VLOOKUP(O$2,convert!$A$1:$B$4,2,0),"@@@",O82)) -> TRUE | AE82: =" ("&_xlfn.TEXTJOIN(", ",FALSE,P82:AD82)&")," -> ('0059N01', 'ウインディ', 90, 110, 80, 100, 80, 95, '', 'fire', null, 'g1', null, null, TRUE),
A83: 0059H01 | B83: ウインディ | C83: 95 | D83: 115 | E83: 80 | F83: 95 | G83: 80 | H83: 90 | I83: ヒスイのすがた | J83: fire | K83: rock | L83: g8arceus | O83: TRUE | P83: =IF(A83="",IF(ISNUMBER(SEARCH("NOT NULL",UPPER(A$3))),"''","null"),SUBSTITUTE(VLOOKUP(A$2,convert!$A$1:$B$4,2,0),"@@@",A83)) -> '0059H01' | Q83: =IF(B83="",IF(ISNUMBER(SEARCH("NOT NULL",UPPER(B$3))),"''","null"),SUBSTITUTE(VLOOKUP(B$2,convert!$A$1:$B$4,2,0),"@@@",B83)) -> 'ウインディ' | R83: =IF(C83="",IF(ISNUMBER(SEARCH("NOT NULL",UPPER(C$3))),"''","null"),SUBSTITUTE(VLOOKUP(C$2,convert!$A$1:$B$4,2,0),"@@@",C83)) -> 95 | S83: =IF(D83="",IF(ISNUMBER(SEARCH("NOT NULL",UPPER(D$3))),"''","null"),SUBSTITUTE(VLOOKUP(D$2,convert!$A$1:$B$4,2,0),"@@@",D83)) -> 115 | T83: =IF(E83="",IF(ISNUMBER(SEARCH("NOT NULL",UPPER(E$3))),"''","null"),SUBSTITUTE(VLOOKUP(E$2,convert!$A$1:$B$4,2,0),"@@@",E83)) -> 80 | U83: =IF(F83="",IF(ISNUMBER(SEARCH("NOT NULL",UPPER(F$3))),"''","null"),SUBSTITUTE(VLOOKUP(F$2,convert!$A$1:$B$4,2,0),"@@@",F83)) -> 95 | V83: =IF(G83="",IF(ISNUMBER(SEARCH("NOT NULL",UPPER(G$3))),"''","null"),SUBSTITUTE(VLOOKUP(G$2,convert!$A$1:$B$4,2,0),"@@@",G83)) -> 80 | W83: =IF(H83="",IF(ISNUMBER(SEARCH("NOT NULL",UPPER(H$3))),"''","null"),SUBSTITUTE(VLOOKUP(H$2,convert!$A$1:$B$4,2,0),"@@@",H83)) -> 90 | ... AD83: =IF(O83="",IF(ISNUMBER(SEARCH("NOT NULL",UPPER(O$3))),"''","null"),SUBSTITUTE(VLOOKUP(O$2,convert!$A$1:$B$4,2,0),"@@@",O83)) -> TRUE | AE83: =" ("&_xlfn.TEXTJOIN(", ",FALSE,P83:AD83)&")," -> ('0059H01', 'ウインディ', 95, 115, 80, 95, 80, 90, 'ヒスイのすがた', 'fire', 'rock', 'g8arceus', null, null, TRUE),
A84: 0060N01 | B84: ニョロモ | C84: 40 | D84: 50 | E84: 40 | F84: 40 | G84: 40 | H84: 90 | J84: water | L84: g1 | O84: TRUE | P84: =IF(A84="",IF(ISNUMBER(SEARCH("NOT NULL",UPPER(A$3))),"''","null"),SUBSTITUTE(VLOOKUP(A$2,convert!$A$1:$B$4,2,0),"@@@",A84)) -> '0060N01' | Q84: =IF(B84="",IF(ISNUMBER(SEARCH("NOT NULL",UPPER(B$3))),"''","null"),SUBSTITUTE(VLOOKUP(B$2,convert!$A$1:$B$4,2,0),"@@@",B84)) -> 'ニョロモ' | R84: =IF(C84="",IF(ISNUMBER(SEARCH("NOT NULL",UPPER(C$3))),"''","null"),SUBSTITUTE(VLOOKUP(C$2,convert!$A$1:$B$4,2,0),"@@@",C84)) -> 40 | S84: =IF(D84="",IF(ISNUMBER(SEARCH("NOT NULL",UPPER(D$3))),"''","null"),SUBSTITUTE(VLOOKUP(D$2,convert!$A$1:$B$4,2,0),"@@@",D84)) -> 50 | T84: =IF(E84="",IF(ISNUMBER(SEARCH("NOT NULL",UPPER(E$3))),"''","null"),SUBSTITUTE(VLOOKUP(E$2,convert!$A$1:$B$4,2,0),"@@@",E84)) -> 40 | U84: =IF(F84="",IF(ISNUMBER(SEARCH("NOT NULL",UPPER(F$3))),"''","null"),SUBSTITUTE(VLOOKUP(F$2,convert!$A$1:$B$4,2,0),"@@@",F84)) -> 40 | V84: =IF(G84="",IF(ISNUMBER(SEARCH("NOT NULL",UPPER(G$3))),"''","null"),SUBSTITUTE(VLOOKUP(G$2,convert!$A$1:$B$4,2,0),"@@@",G84)) -> 40 | W84: =IF(H84="",IF(ISNUMBER(SEARCH("NOT NULL",UPPER(H$3))),"''","null"),SUBSTITUTE(VLOOKUP(H$2,convert!$A$1:$B$4,2,0),"@@@",H84)) -> 90 | ... AD84: =IF(O84="",IF(ISNUMBER(SEARCH("NOT NULL",UPPER(O$3))),"''","null"),SUBSTITUTE(VLOOKUP(O$2,convert!$A$1:$B$4,2,0),"@@@",O84)) -> TRUE | AE84: =" ("&_xlfn.TEXTJOIN(", ",FALSE,P84:AD84)&")," -> ('0060N01', 'ニョロモ', 40, 50, 40, 40, 40, 90, '', 'water', null, 'g1', null, null, TRUE),
A85: 0061N01 | B85: ニョロゾ | C85: 65 | D85: 65 | E85: 65 | F85: 50 | G85: 50 | H85: 90 | J85: water | L85: g1 | O85: TRUE | P85: =IF(A85="",IF(ISNUMBER(SEARCH("NOT NULL",UPPER(A$3))),"''","null"),SUBSTITUTE(VLOOKUP(A$2,convert!$A$1:$B$4,2,0),"@@@",A85)) -> '0061N01' | Q85: =IF(B85="",IF(ISNUMBER(SEARCH("NOT NULL",UPPER(B$3))),"''","null"),SUBSTITUTE(VLOOKUP(B$2,convert!$A$1:$B$4,2,0),"@@@",B85)) -> 'ニョロゾ' | R85: =IF(C85="",IF(ISNUMBER(SEARCH("NOT NULL",UPPER(C$3))),"''","null"),SUBSTITUTE(VLOOKUP(C$2,convert!$A$1:$B$4,2,0),"@@@",C85)) -> 65 | S85: =IF(D85="",IF(ISNUMBER(SEARCH("NOT NULL",UPPER(D$3))),"''","null"),SUBSTITUTE(VLOOKUP(D$2,convert!$A$1:$B$4,2,0),"@@@",D85)) -> 65 | T85: =IF(E85="",IF(ISNUMBER(SEARCH("NOT NULL",UPPER(E$3))),"''","null"),SUBSTITUTE(VLOOKUP(E$2,convert!$A$1:$B$4,2,0),"@@@",E85)) -> 65 | U85: =IF(F85="",IF(ISNUMBER(SEARCH("NOT NULL",UPPER(F$3))),"''","null"),SUBSTITUTE(VLOOKUP(F$2,convert!$A$1:$B$4,2,0),"@@@",F85)) -> 50 | V85: =IF(G85="",IF(ISNUMBER(SEARCH("NOT NULL",UPPER(G$3))),"''","null"),SUBSTITUTE(VLOOKUP(G$2,convert!$A$1:$B$4,2,0),"@@@",G85)) -> 50 | W85: =IF(H85="",IF(ISNUMBER(SEARCH("NOT NULL",UPPER(H$3))),"''","null"),SUBSTITUTE(VLOOKUP(H$2,convert!$A$1:$B$4,2,0),"@@@",H85)) -> 90 | ... AD85: =IF(O85="",IF(ISNUMBER(SEARCH("NOT NULL",UPPER(O$3))),"''","null"),SUBSTITUTE(VLOOKUP(O$2,convert!$A$1:$B$4,2,0),"@@@",O85)) -> TRUE | AE85: =" ("&_xlfn.TEXTJOIN(", ",FALSE,P85:AD85)&")," -> ('0061N01', 'ニョロゾ', 65, 65, 65, 50, 50, 90, '', 'water', null, 'g1', null, null, TRUE),
A86: 0062N01 | B86: ニョロボン | C86: 90 | D86: 95 | E86: 95 | F86: 70 | G86: 90 | H86: 70 | J86: water | K86: fighting | L86: g1 | O86: TRUE | P86: =IF(A86="",IF(ISNUMBER(SEARCH("NOT NULL",UPPER(A$3))),"''","null"),SUBSTITUTE(VLOOKUP(A$2,convert!$A$1:$B$4,2,0),"@@@",A86)) -> '0062N01' | Q86: =IF(B86="",IF(ISNUMBER(SEARCH("NOT NULL",UPPER(B$3))),"''","null"),SUBSTITUTE(VLOOKUP(B$2,convert!$A$1:$B$4,2,0),"@@@",B86)) -> 'ニョロボン' | R86: =IF(C86="",IF(ISNUMBER(SEARCH("NOT NULL",UPPER(C$3))),"''","null"),SUBSTITUTE(VLOOKUP(C$2,convert!$A$1:$B$4,2,0),"@@@",C86)) -> 90 | S86: =IF(D86="",IF(ISNUMBER(SEARCH("NOT NULL",UPPER(D$3))),"''","null"),SUBSTITUTE(VLOOKUP(D$2,convert!$A$1:$B$4,2,0),"@@@",D86)) -> 95 | T86: =IF(E86="",IF(ISNUMBER(SEARCH("NOT NULL",UPPER(E$3))),"''","null"),SUBSTITUTE(VLOOKUP(E$2,convert!$A$1:$B$4,2,0),"@@@",E86)) -> 95 | U86: =IF(F86="",IF(ISNUMBER(SEARCH("NOT NULL",UPPER(F$3))),"''","null"),SUBSTITUTE(VLOOKUP(F$2,convert!$A$1:$B$4,2,0),"@@@",F86)) -> 70 | V86: =IF(G86="",IF(ISNUMBER(SEARCH("NOT NULL",UPPER(G$3))),"''","null"),SUBSTITUTE(VLOOKUP(G$2,convert!$A$1:$B$4,2,0),"@@@",G86)) -> 90 | W86: =IF(H86="",IF(ISNUMBER(SEARCH("NOT NULL",UPPER(H$3))),"''","null"),SUBSTITUTE(VLOOKUP(H$2,convert!$A$1:$B$4,2,0),"@@@",H86)) -> 70 | ... AD86: =IF(O86="",IF(ISNUMBER(SEARCH("NOT NULL",UPPER(O$3))),"''","null"),SUBSTITUTE(VLOOKUP(O$2,convert!$A$1:$B$4,2,0),"@@@",O86)) -> TRUE | AE86: =" ("&_xlfn.TEXTJOIN(", ",FALSE,P86:AD86)&")," -> ('0062N01', 'ニョロボン', 90, 95, 95, 70, 90, 70, '', 'water', 'fighting', 'g1', null, null, TRUE),
A87: 0063N01 | B87: ケーシィ | C87: 25 | D87: 20 | E87: 15 | F87: 105 | G87: 55 | H87: 90 | J87: psychic | L87: g1 | O87: TRUE | P87: =IF(A87="",IF(ISNUMBER(SEARCH("NOT NULL",UPPER(A$3))),"''","null"),SUBSTITUTE(VLOOKUP(A$2,convert!$A$1:$B$4,2,0),"@@@",A87)) -> '0063N01' | Q87: =IF(B87="",IF(ISNUMBER(SEARCH("NOT NULL",UPPER(B$3))),"''","null"),SUBSTITUTE(VLOOKUP(B$2,convert!$A$1:$B$4,2,0),"@@@",B87)) -> 'ケーシィ' | R87: =IF(C87="",IF(ISNUMBER(SEARCH("NOT NULL",UPPER(C$3))),"''","null"),SUBSTITUTE(VLOOKUP(C$2,convert!$A$1:$B$4,2,0),"@@@",C87)) -> 25 | S87: =IF(D87="",IF(ISNUMBER(SEARCH("NOT NULL",UPPER(D$3))),"''","null"),SUBSTITUTE(VLOOKUP(D$2,convert!$A$1:$B$4,2,0),"@@@",D87)) -> 20 | T87: =IF(E87="",IF(ISNUMBER(SEARCH("NOT NULL",UPPER(E$3))),"''","null"),SUBSTITUTE(VLOOKUP(E$2,convert!$A$1:$B$4,2,0),"@@@",E87)) -> 15 | U87: =IF(F87="",IF(ISNUMBER(SEARCH("NOT NULL",UPPER(F$3))),"''","null"),SUBSTITUTE(VLOOKUP(F$2,convert!$A$1:$B$4,2,0),"@@@",F87)) -> 105 | V87: =IF(G87="",IF(ISNUMBER(SEARCH("NOT NULL",UPPER(G$3))),"''","null"),SUBSTITUTE(VLOOKUP(G$2,convert!$A$1:$B$4,2,0),"@@@",G87)) -> 55 | W87: =IF(H87="",IF(ISNUMBER(SEARCH("NOT NULL",UPPER(H$3))),"''","null"),SUBSTITUTE(VLOOKUP(H$2,convert!$A$1:$B$4,2,0),"@@@",H87)) -> 90 | ... AD87: =IF(O87="",IF(ISNUMBER(SEARCH("NOT NULL",UPPER(O$3))),"''","null"),SUBSTITUTE(VLOOKUP(O$2,convert!$A$1:$B$4,2,0),"@@@",O87)) -> TRUE | AE87: =" ("&_xlfn.TEXTJOIN(", ",FALSE,P87:AD87)&")," -> ('0063N01', 'ケーシィ', 25, 20, 15, 105, 55, 90, '', 'psychic', null, 'g1', null, null, TRUE),
A88: 0064N01 | B88: ユンゲラー | C88: 40 | D88: 35 | E88: 30 | F88: 120 | G88: 70 | H88: 105 | J88: psychic | L88: g1 | O88: TRUE | P88: =IF(A88="",IF(ISNUMBER(SEARCH("NOT NULL",UPPER(A$3))),"''","null"),SUBSTITUTE(VLOOKUP(A$2,convert!$A$1:$B$4,2,0),"@@@",A88)) -> '0064N01' | Q88: =IF(B88="",IF(ISNUMBER(SEARCH("NOT NULL",UPPER(B$3))),"''","null"),SUBSTITUTE(VLOOKUP(B$2,convert!$A$1:$B$4,2,0),"@@@",B88)) -> 'ユンゲラー' | R88: =IF(C88="",IF(ISNUMBER(SEARCH("NOT NULL",UPPER(C$3))),"''","null"),SUBSTITUTE(VLOOKUP(C$2,convert!$A$1:$B$4,2,0),"@@@",C88)) -> 40 | S88: =IF(D88="",IF(ISNUMBER(SEARCH("NOT NULL",UPPER(D$3))),"''","null"),SUBSTITUTE(VLOOKUP(D$2,convert!$A$1:$B$4,2,0),"@@@",D88)) -> 35 | T88: =IF(E88="",IF(ISNUMBER(SEARCH("NOT NULL",UPPER(E$3))),"''","null"),SUBSTITUTE(VLOOKUP(E$2,convert!$A$1:$B$4,2,0),"@@@",E88)) -> 30 | U88: =IF(F88="",IF(ISNUMBER(SEARCH("NOT NULL",UPPER(F$3))),"''","null"),SUBSTITUTE(VLOOKUP(F$2,convert!$A$1:$B$4,2,0),"@@@",F88)) -> 120 | V88: =IF(G88="",IF(ISNUMBER(SEARCH("NOT NULL",UPPER(G$3))),"''","null"),SUBSTITUTE(VLOOKUP(G$2,convert!$A$1:$B$4,2,0),"@@@",G88)) -> 70 | W88: =IF(H88="",IF(ISNUMBER(SEARCH("NOT NULL",UPPER(H$3))),"''","null"),SUBSTITUTE(VLOOKUP(H$2,convert!$A$1:$B$4,2,0),"@@@",H88)) -> 105 | ... AD88: =IF(O88="",IF(ISNUMBER(SEARCH("NOT NULL",UPPER(O$3))),"''","null"),SUBSTITUTE(VLOOKUP(O$2,convert!$A$1:$B$4,2,0),"@@@",O88)) -> TRUE | AE88: =" ("&_xlfn.TEXTJOIN(", ",FALSE,P88:AD88)&")," -> ('0064N01', 'ユンゲラー', 40, 35, 30, 120, 70, 105, '', 'psychic', null, 'g1', null, null, TRUE),
A89: 0065N01 | B89: フーディン | C89: 55 | D89: 50 | E89: 45 | F89: 135 | G89: 95 | H89: 120 | J89: psychic | L89: g1 | O89: TRUE | P89: =IF(A89="",IF(ISNUMBER(SEARCH("NOT NULL",UPPER(A$3))),"''","null"),SUBSTITUTE(VLOOKUP(A$2,convert!$A$1:$B$4,2,0),"@@@",A89)) -> '0065N01' | Q89: =IF(B89="",IF(ISNUMBER(SEARCH("NOT NULL",UPPER(B$3))),"''","null"),SUBSTITUTE(VLOOKUP(B$2,convert!$A$1:$B$4,2,0),"@@@",B89)) -> 'フーディン' | R89: =IF(C89="",IF(ISNUMBER(SEARCH("NOT NULL",UPPER(C$3))),"''","null"),SUBSTITUTE(VLOOKUP(C$2,convert!$A$1:$B$4,2,0),"@@@",C89)) -> 55 | S89: =IF(D89="",IF(ISNUMBER(SEARCH("NOT NULL",UPPER(D$3))),"''","null"),SUBSTITUTE(VLOOKUP(D$2,convert!$A$1:$B$4,2,0),"@@@",D89)) -> 50 | T89: =IF(E89="",IF(ISNUMBER(SEARCH("NOT NULL",UPPER(E$3))),"''","null"),SUBSTITUTE(VLOOKUP(E$2,convert!$A$1:$B$4,2,0),"@@@",E89)) -> 45 | U89: =IF(F89="",IF(ISNUMBER(SEARCH("NOT NULL",UPPER(F$3))),"''","null"),SUBSTITUTE(VLOOKUP(F$2,convert!$A$1:$B$4,2,0),"@@@",F89)) -> 135 | V89: =IF(G89="",IF(ISNUMBER(SEARCH("NOT NULL",UPPER(G$3))),"''","null"),SUBSTITUTE(VLOOKUP(G$2,convert!$A$1:$B$4,2,0),"@@@",G89)) -> 95 | W89: =IF(H89="",IF(ISNUMBER(SEARCH("NOT NULL",UPPER(H$3))),"''","null"),SUBSTITUTE(VLOOKUP(H$2,convert!$A$1:$B$4,2,0),"@@@",H89)) -> 120 | ... AD89: =IF(O89="",IF(ISNUMBER(SEARCH("NOT NULL",UPPER(O$3))),"''","null"),SUBSTITUTE(VLOOKUP(O$2,convert!$A$1:$B$4,2,0),"@@@",O89)) -> TRUE | AE89: =" ("&_xlfn.TEXTJOIN(", ",FALSE,P89:AD89)&")," -> ('0065N01', 'フーディン', 55, 50, 45, 135, 95, 120, '', 'psychic', null, 'g1', null, null, TRUE),
A90: 0065M01 | B90: メガフーディン | C90: 55 | D90: 50 | E90: 65 | F90: 175 | G90: 105 | H90: 150 | J90: psychic | L90: g6 | O90: TRUE | P90: =IF(A90="",IF(ISNUMBER(SEARCH("NOT NULL",UPPER(A$3))),"''","null"),SUBSTITUTE(VLOOKUP(A$2,convert!$A$1:$B$4,2,0),"@@@",A90)) -> '0065M01' | Q90: =IF(B90="",IF(ISNUMBER(SEARCH("NOT NULL",UPPER(B$3))),"''","null"),SUBSTITUTE(VLOOKUP(B$2,convert!$A$1:$B$4,2,0),"@@@",B90)) -> 'メガフーディン' | R90: =IF(C90="",IF(ISNUMBER(SEARCH("NOT NULL",UPPER(C$3))),"''","null"),SUBSTITUTE(VLOOKUP(C$2,convert!$A$1:$B$4,2,0),"@@@",C90)) -> 55 | S90: =IF(D90="",IF(ISNUMBER(SEARCH("NOT NULL",UPPER(D$3))),"''","null"),SUBSTITUTE(VLOOKUP(D$2,convert!$A$1:$B$4,2,0),"@@@",D90)) -> 50 | T90: =IF(E90="",IF(ISNUMBER(SEARCH("NOT NULL",UPPER(E$3))),"''","null"),SUBSTITUTE(VLOOKUP(E$2,convert!$A$1:$B$4,2,0),"@@@",E90)) -> 65 | U90: =IF(F90="",IF(ISNUMBER(SEARCH("NOT NULL",UPPER(F$3))),"''","null"),SUBSTITUTE(VLOOKUP(F$2,convert!$A$1:$B$4,2,0),"@@@",F90)) -> 175 | V90: =IF(G90="",IF(ISNUMBER(SEARCH("NOT NULL",UPPER(G$3))),"''","null"),SUBSTITUTE(VLOOKUP(G$2,convert!$A$1:$B$4,2,0),"@@@",G90)) -> 105 | W90: =IF(H90="",IF(ISNUMBER(SEARCH("NOT NULL",UPPER(H$3))),"''","null"),SUBSTITUTE(VLOOKUP(H$2,convert!$A$1:$B$4,2,0),"@@@",H90)) -> 150 | ... AD90: =IF(O90="",IF(ISNUMBER(SEARCH("NOT NULL",UPPER(O$3))),"''","null"),SUBSTITUTE(VLOOKUP(O$2,convert!$A$1:$B$4,2,0),"@@@",O90)) -> TRUE | AE90: =" ("&_xlfn.TEXTJOIN(", ",FALSE,P90:AD90)&")," -> ('0065M01', 'メガフーディン', 55, 50, 65, 175, 105, 150, '', 'psychic', null, 'g6', null, null, TRUE),
A91: 0066N01 | B91: ワンリキー | C91: 70 | D91: 80 | E91: 50 | F91: 35 | G91: 35 | H91: 35 | J91: fighting | L91: g1 | O91: TRUE | P91: =IF(A91="",IF(ISNUMBER(SEARCH("NOT NULL",UPPER(A$3))),"''","null"),SUBSTITUTE(VLOOKUP(A$2,convert!$A$1:$B$4,2,0),"@@@",A91)) -> '0066N01' | Q91: =IF(B91="",IF(ISNUMBER(SEARCH("NOT NULL",UPPER(B$3))),"''","null"),SUBSTITUTE(VLOOKUP(B$2,convert!$A$1:$B$4,2,0),"@@@",B91)) -> 'ワンリキー' | R91: =IF(C91="",IF(ISNUMBER(SEARCH("NOT NULL",UPPER(C$3))),"''","null"),SUBSTITUTE(VLOOKUP(C$2,convert!$A$1:$B$4,2,0),"@@@",C91)) -> 70 | S91: =IF(D91="",IF(ISNUMBER(SEARCH("NOT NULL",UPPER(D$3))),"''","null"),SUBSTITUTE(VLOOKUP(D$2,convert!$A$1:$B$4,2,0),"@@@",D91)) -> 80 | T91: =IF(E91="",IF(ISNUMBER(SEARCH("NOT NULL",UPPER(E$3))),"''","null"),SUBSTITUTE(VLOOKUP(E$2,convert!$A$1:$B$4,2,0),"@@@",E91)) -> 50 | U91: =IF(F91="",IF(ISNUMBER(SEARCH("NOT NULL",UPPER(F$3))),"''","null"),SUBSTITUTE(VLOOKUP(F$2,convert!$A$1:$B$4,2,0),"@@@",F91)) -> 35 | V91: =IF(G91="",IF(ISNUMBER(SEARCH("NOT NULL",UPPER(G$3))),"''","null"),SUBSTITUTE(VLOOKUP(G$2,convert!$A$1:$B$4,2,0),"@@@",G91)) -> 35 | W91: =IF(H91="",IF(ISNUMBER(SEARCH("NOT NULL",UPPER(H$3))),"''","null"),SUBSTITUTE(VLOOKUP(H$2,convert!$A$1:$B$4,2,0),"@@@",H91)) -> 35 | ... AD91: =IF(O91="",IF(ISNUMBER(SEARCH("NOT NULL",UPPER(O$3))),"''","null"),SUBSTITUTE(VLOOKUP(O$2,convert!$A$1:$B$4,2,0),"@@@",O91)) -> TRUE | AE91: =" ("&_xlfn.TEXTJOIN(", ",FALSE,P91:AD91)&")," -> ('0066N01', 'ワンリキー', 70, 80, 50, 35, 35, 35, '', 'fighting', null, 'g1', null, null, TRUE),
A92: 0067N01 | B92: ゴーリキー | C92: 80 | D92: 100 | E92: 70 | F92: 50 | G92: 60 | H92: 45 | J92: fighting | L92: g1 | O92: TRUE | P92: =IF(A92="",IF(ISNUMBER(SEARCH("NOT NULL",UPPER(A$3))),"''","null"),SUBSTITUTE(VLOOKUP(A$2,convert!$A$1:$B$4,2,0),"@@@",A92)) -> '0067N01' | Q92: =IF(B92="",IF(ISNUMBER(SEARCH("NOT NULL",UPPER(B$3))),"''","null"),SUBSTITUTE(VLOOKUP(B$2,convert!$A$1:$B$4,2,0),"@@@",B92)) -> 'ゴーリキー' | R92: =IF(C92="",IF(ISNUMBER(SEARCH("NOT NULL",UPPER(C$3))),"''","null"),SUBSTITUTE(VLOOKUP(C$2,convert!$A$1:$B$4,2,0),"@@@",C92)) -> 80 | S92: =IF(D92="",IF(ISNUMBER(SEARCH("NOT NULL",UPPER(D$3))),"''","null"),SUBSTITUTE(VLOOKUP(D$2,convert!$A$1:$B$4,2,0),"@@@",D92)) -> 100 | T92: =IF(E92="",IF(ISNUMBER(SEARCH("NOT NULL",UPPER(E$3))),"''","null"),SUBSTITUTE(VLOOKUP(E$2,convert!$A$1:$B$4,2,0),"@@@",E92)) -> 70 | U92: =IF(F92="",IF(ISNUMBER(SEARCH("NOT NULL",UPPER(F$3))),"''","null"),SUBSTITUTE(VLOOKUP(F$2,convert!$A$1:$B$4,2,0),"@@@",F92)) -> 50 | V92: =IF(G92="",IF(ISNUMBER(SEARCH("NOT NULL",UPPER(G$3))),"''","null"),SUBSTITUTE(VLOOKUP(G$2,convert!$A$1:$B$4,2,0),"@@@",G92)) -> 60 | W92: =IF(H92="",IF(ISNUMBER(SEARCH("NOT NULL",UPPER(H$3))),"''","null"),SUBSTITUTE(VLOOKUP(H$2,convert!$A$1:$B$4,2,0),"@@@",H92)) -> 45 | ... AD92: =IF(O92="",IF(ISNUMBER(SEARCH("NOT NULL",UPPER(O$3))),"''","null"),SUBSTITUTE(VLOOKUP(O$2,convert!$A$1:$B$4,2,0),"@@@",O92)) -> TRUE | AE92: =" ("&_xlfn.TEXTJOIN(", ",FALSE,P92:AD92)&")," -> ('0067N01', 'ゴーリキー', 80, 100, 70, 50, 60, 45, '', 'fighting', null, 'g1', null, null, TRUE),
A93: 0068N01 | B93: カイリキー | C93: 90 | D93: 130 | E93: 80 | F93: 65 | G93: 85 | H93: 55 | J93: fighting | L93: g1 | O93: TRUE | P93: =IF(A93="",IF(ISNUMBER(SEARCH("NOT NULL",UPPER(A$3))),"''","null"),SUBSTITUTE(VLOOKUP(A$2,convert!$A$1:$B$4,2,0),"@@@",A93)) -> '0068N01' | Q93: =IF(B93="",IF(ISNUMBER(SEARCH("NOT NULL",UPPER(B$3))),"''","null"),SUBSTITUTE(VLOOKUP(B$2,convert!$A$1:$B$4,2,0),"@@@",B93)) -> 'カイリキー' | R93: =IF(C93="",IF(ISNUMBER(SEARCH("NOT NULL",UPPER(C$3))),"''","null"),SUBSTITUTE(VLOOKUP(C$2,convert!$A$1:$B$4,2,0),"@@@",C93)) -> 90 | S93: =IF(D93="",IF(ISNUMBER(SEARCH("NOT NULL",UPPER(D$3))),"''","null"),SUBSTITUTE(VLOOKUP(D$2,convert!$A$1:$B$4,2,0),"@@@",D93)) -> 130 | T93: =IF(E93="",IF(ISNUMBER(SEARCH("NOT NULL",UPPER(E$3))),"''","null"),SUBSTITUTE(VLOOKUP(E$2,convert!$A$1:$B$4,2,0),"@@@",E93)) -> 80 | U93: =IF(F93="",IF(ISNUMBER(SEARCH("NOT NULL",UPPER(F$3))),"''","null"),SUBSTITUTE(VLOOKUP(F$2,convert!$A$1:$B$4,2,0),"@@@",F93)) -> 65 | V93: =IF(G93="",IF(ISNUMBER(SEARCH("NOT NULL",UPPER(G$3))),"''","null"),SUBSTITUTE(VLOOKUP(G$2,convert!$A$1:$B$4,2,0),"@@@",G93)) -> 85 | W93: =IF(H93="",IF(ISNUMBER(SEARCH("NOT NULL",UPPER(H$3))),"''","null"),SUBSTITUTE(VLOOKUP(H$2,convert!$A$1:$B$4,2,0),"@@@",H93)) -> 55 | ... AD93: =IF(O93="",IF(ISNUMBER(SEARCH("NOT NULL",UPPER(O$3))),"''","null"),SUBSTITUTE(VLOOKUP(O$2,convert!$A$1:$B$4,2,0),"@@@",O93)) -> TRUE | AE93: =" ("&_xlfn.TEXTJOIN(", ",FALSE,P93:AD93)&")," -> ('0068N01', 'カイリキー', 90, 130, 80, 65, 85, 55, '', 'fighting', null, 'g1', null, null, TRUE),
A94: 0069N01 | B94: マダツボミ | C94: 50 | D94: 75 | E94: 35 | F94: 70 | G94: 30 | H94: 40 | J94: grass | K94: poison | L94: g1 | O94: TRUE | P94: =IF(A94="",IF(ISNUMBER(SEARCH("NOT NULL",UPPER(A$3))),"''","null"),SUBSTITUTE(VLOOKUP(A$2,convert!$A$1:$B$4,2,0),"@@@",A94)) -> '0069N01' | Q94: =IF(B94="",IF(ISNUMBER(SEARCH("NOT NULL",UPPER(B$3))),"''","null"),SUBSTITUTE(VLOOKUP(B$2,convert!$A$1:$B$4,2,0),"@@@",B94)) -> 'マダツボミ' | R94: =IF(C94="",IF(ISNUMBER(SEARCH("NOT NULL",UPPER(C$3))),"''","null"),SUBSTITUTE(VLOOKUP(C$2,convert!$A$1:$B$4,2,0),"@@@",C94)) -> 50 | S94: =IF(D94="",IF(ISNUMBER(SEARCH("NOT NULL",UPPER(D$3))),"''","null"),SUBSTITUTE(VLOOKUP(D$2,convert!$A$1:$B$4,2,0),"@@@",D94)) -> 75 | T94: =IF(E94="",IF(ISNUMBER(SEARCH("NOT NULL",UPPER(E$3))),"''","null"),SUBSTITUTE(VLOOKUP(E$2,convert!$A$1:$B$4,2,0),"@@@",E94)) -> 35 | U94: =IF(F94="",IF(ISNUMBER(SEARCH("NOT NULL",UPPER(F$3))),"''","null"),SUBSTITUTE(VLOOKUP(F$2,convert!$A$1:$B$4,2,0),"@@@",F94)) -> 70 | V94: =IF(G94="",IF(ISNUMBER(SEARCH("NOT NULL",UPPER(G$3))),"''","null"),SUBSTITUTE(VLOOKUP(G$2,convert!$A$1:$B$4,2,0),"@@@",G94)) -> 30 | W94: =IF(H94="",IF(ISNUMBER(SEARCH("NOT NULL",UPPER(H$3))),"''","null"),SUBSTITUTE(VLOOKUP(H$2,convert!$A$1:$B$4,2,0),"@@@",H94)) -> 40 | ... AD94: =IF(O94="",IF(ISNUMBER(SEARCH("NOT NULL",UPPER(O$3))),"''","null"),SUBSTITUTE(VLOOKUP(O$2,convert!$A$1:$B$4,2,0),"@@@",O94)) -> TRUE | AE94: =" ("&_xlfn.TEXTJOIN(", ",FALSE,P94:AD94)&")," -> ('0069N01', 'マダツボミ', 50, 75, 35, 70, 30, 40, '', 'grass', 'poison', 'g1', null, null, TRUE),
A95: 0070N01 | B95: ウツドン | C95: 65 | D95: 90 | E95: 50 | F95: 85 | G95: 45 | H95: 55 | J95: grass | K95: poison | L95: g1 | O95: TRUE | P95: =IF(A95="",IF(ISNUMBER(SEARCH("NOT NULL",UPPER(A$3))),"''","null"),SUBSTITUTE(VLOOKUP(A$2,convert!$A$1:$B$4,2,0),"@@@",A95)) -> '0070N01' | Q95: =IF(B95="",IF(ISNUMBER(SEARCH("NOT NULL",UPPER(B$3))),"''","null"),SUBSTITUTE(VLOOKUP(B$2,convert!$A$1:$B$4,2,0),"@@@",B95)) -> 'ウツドン' | R95: =IF(C95="",IF(ISNUMBER(SEARCH("NOT NULL",UPPER(C$3))),"''","null"),SUBSTITUTE(VLOOKUP(C$2,convert!$A$1:$B$4,2,0),"@@@",C95)) -> 65 | S95: =IF(D95="",IF(ISNUMBER(SEARCH("NOT NULL",UPPER(D$3))),"''","null"),SUBSTITUTE(VLOOKUP(D$2,convert!$A$1:$B$4,2,0),"@@@",D95)) -> 90 | T95: =IF(E95="",IF(ISNUMBER(SEARCH("NOT NULL",UPPER(E$3))),"''","null"),SUBSTITUTE(VLOOKUP(E$2,convert!$A$1:$B$4,2,0),"@@@",E95)) -> 50 | U95: =IF(F95="",IF(ISNUMBER(SEARCH("NOT NULL",UPPER(F$3))),"''","null"),SUBSTITUTE(VLOOKUP(F$2,convert!$A$1:$B$4,2,0),"@@@",F95)) -> 85 | V95: =IF(G95="",IF(ISNUMBER(SEARCH("NOT NULL",UPPER(G$3))),"''","null"),SUBSTITUTE(VLOOKUP(G$2,convert!$A$1:$B$4,2,0),"@@@",G95)) -> 45 | W95: =IF(H95="",IF(ISNUMBER(SEARCH("NOT NULL",UPPER(H$3))),"''","null"),SUBSTITUTE(VLOOKUP(H$2,convert!$A$1:$B$4,2,0),"@@@",H95)) -> 55 | ... AD95: =IF(O95="",IF(ISNUMBER(SEARCH("NOT NULL",UPPER(O$3))),"''","null"),SUBSTITUTE(VLOOKUP(O$2,convert!$A$1:$B$4,2,0),"@@@",O95)) -> TRUE | AE95: =" ("&_xlfn.TEXTJOIN(", ",FALSE,P95:AD95)&")," -> ('0070N01', 'ウツドン', 65, 90, 50, 85, 45, 55, '', 'grass', 'poison', 'g1', null, null, TRUE),
A96: 0071N01 | B96: ウツボット | C96: 80 | D96: 105 | E96: 65 | F96: 100 | G96: 70 | H96: 70 | J96: grass | K96: poison | L96: g1 | O96: TRUE | P96: =IF(A96="",IF(ISNUMBER(SEARCH("NOT NULL",UPPER(A$3))),"''","null"),SUBSTITUTE(VLOOKUP(A$2,convert!$A$1:$B$4,2,0),"@@@",A96)) -> '0071N01' | Q96: =IF(B96="",IF(ISNUMBER(SEARCH("NOT NULL",UPPER(B$3))),"''","null"),SUBSTITUTE(VLOOKUP(B$2,convert!$A$1:$B$4,2,0),"@@@",B96)) -> 'ウツボット' | R96: =IF(C96="",IF(ISNUMBER(SEARCH("NOT NULL",UPPER(C$3))),"''","null"),SUBSTITUTE(VLOOKUP(C$2,convert!$A$1:$B$4,2,0),"@@@",C96)) -> 80 | S96: =IF(D96="",IF(ISNUMBER(SEARCH("NOT NULL",UPPER(D$3))),"''","null"),SUBSTITUTE(VLOOKUP(D$2,convert!$A$1:$B$4,2,0),"@@@",D96)) -> 105 | T96: =IF(E96="",IF(ISNUMBER(SEARCH("NOT NULL",UPPER(E$3))),"''","null"),SUBSTITUTE(VLOOKUP(E$2,convert!$A$1:$B$4,2,0),"@@@",E96)) -> 65 | U96: =IF(F96="",IF(ISNUMBER(SEARCH("NOT NULL",UPPER(F$3))),"''","null"),SUBSTITUTE(VLOOKUP(F$2,convert!$A$1:$B$4,2,0),"@@@",F96)) -> 100 | V96: =IF(G96="",IF(ISNUMBER(SEARCH("NOT NULL",UPPER(G$3))),"''","null"),SUBSTITUTE(VLOOKUP(G$2,convert!$A$1:$B$4,2,0),"@@@",G96)) -> 70 | W96: =IF(H96="",IF(ISNUMBER(SEARCH("NOT NULL",UPPER(H$3))),"''","null"),SUBSTITUTE(VLOOKUP(H$2,convert!$A$1:$B$4,2,0),"@@@",H96)) -> 70 | ... AD96: =IF(O96="",IF(ISNUMBER(SEARCH("NOT NULL",UPPER(O$3))),"''","null"),SUBSTITUTE(VLOOKUP(O$2,convert!$A$1:$B$4,2,0),"@@@",O96)) -> TRUE | AE96: =" ("&_xlfn.TEXTJOIN(", ",FALSE,P96:AD96)&")," -> ('0071N01', 'ウツボット', 80, 105, 65, 100, 70, 70, '', 'grass', 'poison', 'g1', null, null, TRUE),
A97: 0072N01 | B97: メノクラゲ | C97: 40 | D97: 40 | E97: 35 | F97: 50 | G97: 100 | H97: 70 | J97: water | K97: poison | L97: g1 | O97: TRUE | P97: =IF(A97="",IF(ISNUMBER(SEARCH("NOT NULL",UPPER(A$3))),"''","null"),SUBSTITUTE(VLOOKUP(A$2,convert!$A$1:$B$4,2,0),"@@@",A97)) -> '0072N01' | Q97: =IF(B97="",IF(ISNUMBER(SEARCH("NOT NULL",UPPER(B$3))),"''","null"),SUBSTITUTE(VLOOKUP(B$2,convert!$A$1:$B$4,2,0),"@@@",B97)) -> 'メノクラゲ' | R97: =IF(C97="",IF(ISNUMBER(SEARCH("NOT NULL",UPPER(C$3))),"''","null"),SUBSTITUTE(VLOOKUP(C$2,convert!$A$1:$B$4,2,0),"@@@",C97)) -> 40 | S97: =IF(D97="",IF(ISNUMBER(SEARCH("NOT NULL",UPPER(D$3))),"''","null"),SUBSTITUTE(VLOOKUP(D$2,convert!$A$1:$B$4,2,0),"@@@",D97)) -> 40 | T97: =IF(E97="",IF(ISNUMBER(SEARCH("NOT NULL",UPPER(E$3))),"''","null"),SUBSTITUTE(VLOOKUP(E$2,convert!$A$1:$B$4,2,0),"@@@",E97)) -> 35 | U97: =IF(F97="",IF(ISNUMBER(SEARCH("NOT NULL",UPPER(F$3))),"''","null"),SUBSTITUTE(VLOOKUP(F$2,convert!$A$1:$B$4,2,0),"@@@",F97)) -> 50 | V97: =IF(G97="",IF(ISNUMBER(SEARCH("NOT NULL",UPPER(G$3))),"''","null"),SUBSTITUTE(VLOOKUP(G$2,convert!$A$1:$B$4,2,0),"@@@",G97)) -> 100 | W97: =IF(H97="",IF(ISNUMBER(SEARCH("NOT NULL",UPPER(H$3))),"''","null"),SUBSTITUTE(VLOOKUP(H$2,convert!$A$1:$B$4,2,0),"@@@",H97)) -> 70 | ... AD97: =IF(O97="",IF(ISNUMBER(SEARCH("NOT NULL",UPPER(O$3))),"''","null"),SUBSTITUTE(VLOOKUP(O$2,convert!$A$1:$B$4,2,0),"@@@",O97)) -> TRUE | AE97: =" ("&_xlfn.TEXTJOIN(", ",FALSE,P97:AD97)&")," -> ('0072N01', 'メノクラゲ', 40, 40, 35, 50, 100, 70, '', 'water', 'poison', 'g1', null, null, TRUE),
A98: 0073N01 | B98: ドククラゲ | C98: 80 | D98: 70 | E98: 65 | F98: 80 | G98: 120 | H98: 100 | J98: water | K98: poison | L98: g1 | O98: TRUE | P98: =IF(A98="",IF(ISNUMBER(SEARCH("NOT NULL",UPPER(A$3))),"''","null"),SUBSTITUTE(VLOOKUP(A$2,convert!$A$1:$B$4,2,0),"@@@",A98)) -> '0073N01' | Q98: =IF(B98="",IF(ISNUMBER(SEARCH("NOT NULL",UPPER(B$3))),"''","null"),SUBSTITUTE(VLOOKUP(B$2,convert!$A$1:$B$4,2,0),"@@@",B98)) -> 'ドククラゲ' | R98: =IF(C98="",IF(ISNUMBER(SEARCH("NOT NULL",UPPER(C$3))),"''","null"),SUBSTITUTE(VLOOKUP(C$2,convert!$A$1:$B$4,2,0),"@@@",C98)) -> 80 | S98: =IF(D98="",IF(ISNUMBER(SEARCH("NOT NULL",UPPER(D$3))),"''","null"),SUBSTITUTE(VLOOKUP(D$2,convert!$A$1:$B$4,2,0),"@@@",D98)) -> 70 | T98: =IF(E98="",IF(ISNUMBER(SEARCH("NOT NULL",UPPER(E$3))),"''","null"),SUBSTITUTE(VLOOKUP(E$2,convert!$A$1:$B$4,2,0),"@@@",E98)) -> 65 | U98: =IF(F98="",IF(ISNUMBER(SEARCH("NOT NULL",UPPER(F$3))),"''","null"),SUBSTITUTE(VLOOKUP(F$2,convert!$A$1:$B$4,2,0),"@@@",F98)) -> 80 | V98: =IF(G98="",IF(ISNUMBER(SEARCH("NOT NULL",UPPER(G$3))),"''","null"),SUBSTITUTE(VLOOKUP(G$2,convert!$A$1:$B$4,2,0),"@@@",G98)) -> 120 | W98: =IF(H98="",IF(ISNUMBER(SEARCH("NOT NULL",UPPER(H$3))),"''","null"),SUBSTITUTE(VLOOKUP(H$2,convert!$A$1:$B$4,2,0),"@@@",H98)) -> 100 | ... AD98: =IF(O98="",IF(ISNUMBER(SEARCH("NOT NULL",UPPER(O$3))),"''","null"),SUBSTITUTE(VLOOKUP(O$2,convert!$A$1:$B$4,2,0),"@@@",O98)) -> TRUE | AE98: =" ("&_xlfn.TEXTJOIN(", ",FALSE,P98:AD98)&")," -> ('0073N01', 'ドククラゲ', 80, 70, 65, 80, 120, 100, '', 'water', 'poison', 'g1', null, null, TRUE),
A99: 0074N01 | B99: イシツブテ | C99: 40 | D99: 80 | E99: 100 | F99: 30 | G99: 30 | H99: 20 | J99: rock | K99: ground | L99: g1 | O99: TRUE | P99: =IF(A99="",IF(ISNUMBER(SEARCH("NOT NULL",UPPER(A$3))),"''","null"),SUBSTITUTE(VLOOKUP(A$2,convert!$A$1:$B$4,2,0),"@@@",A99)) -> '0074N01' | Q99: =IF(B99="",IF(ISNUMBER(SEARCH("NOT NULL",UPPER(B$3))),"''","null"),SUBSTITUTE(VLOOKUP(B$2,convert!$A$1:$B$4,2,0),"@@@",B99)) -> 'イシツブテ' | R99: =IF(C99="",IF(ISNUMBER(SEARCH("NOT NULL",UPPER(C$3))),"''","null"),SUBSTITUTE(VLOOKUP(C$2,convert!$A$1:$B$4,2,0),"@@@",C99)) -> 40 | S99: =IF(D99="",IF(ISNUMBER(SEARCH("NOT NULL",UPPER(D$3))),"''","null"),SUBSTITUTE(VLOOKUP(D$2,convert!$A$1:$B$4,2,0),"@@@",D99)) -> 80 | T99: =IF(E99="",IF(ISNUMBER(SEARCH("NOT NULL",UPPER(E$3))),"''","null"),SUBSTITUTE(VLOOKUP(E$2,convert!$A$1:$B$4,2,0),"@@@",E99)) -> 100 | U99: =IF(F99="",IF(ISNUMBER(SEARCH("NOT NULL",UPPER(F$3))),"''","null"),SUBSTITUTE(VLOOKUP(F$2,convert!$A$1:$B$4,2,0),"@@@",F99)) -> 30 | V99: =IF(G99="",IF(ISNUMBER(SEARCH("NOT NULL",UPPER(G$3))),"''","null"),SUBSTITUTE(VLOOKUP(G$2,convert!$A$1:$B$4,2,0),"@@@",G99)) -> 30 | W99: =IF(H99="",IF(ISNUMBER(SEARCH("NOT NULL",UPPER(H$3))),"''","null"),SUBSTITUTE(VLOOKUP(H$2,convert!$A$1:$B$4,2,0),"@@@",H99)) -> 20 | ... AD99: =IF(O99="",IF(ISNUMBER(SEARCH("NOT NULL",UPPER(O$3))),"''","null"),SUBSTITUTE(VLOOKUP(O$2,convert!$A$1:$B$4,2,0),"@@@",O99)) -> TRUE | AE99: =" ("&_xlfn.TEXTJOIN(", ",FALSE,P99:AD99)&")," -> ('0074N01', 'イシツブテ', 40, 80, 100, 30, 30, 20, '', 'rock', 'ground', 'g1', null, null, TRUE),
A100: 0074A01 | B100: イシツブテ | C100: 40 | D100: 80 | E100: 100 | F100: 30 | G100: 30 | H100: 20 | I100: アローラのすがた | J100: rock | K100: electric | L100: g7 | O100: TRUE | P100: =IF(A100="",IF(ISNUMBER(SEARCH("NOT NULL",UPPER(A$3))),"''","null"),SUBSTITUTE(VLOOKUP(A$2,convert!$A$1:$B$4,2,0),"@@@",A100)) -> '0074A01' | Q100: =IF(B100="",IF(ISNUMBER(SEARCH("NOT NULL",UPPER(B$3))),"''","null"),SUBSTITUTE(VLOOKUP(B$2,convert!$A$1:$B$4,2,0),"@@@",B100)) -> 'イシツブテ' | R100: =IF(C100="",IF(ISNUMBER(SEARCH("NOT NULL",UPPER(C$3))),"''","null"),SUBSTITUTE(VLOOKUP(C$2,convert!$A$1:$B$4,2,0),"@@@",C100)) -> 40 | S100: =IF(D100="",IF(ISNUMBER(SEARCH("NOT NULL",UPPER(D$3))),"''","null"),SUBSTITUTE(VLOOKUP(D$2,convert!$A$1:$B$4,2,0),"@@@",D100)) -> 80 | T100: =IF(E100="",IF(ISNUMBER(SEARCH("NOT NULL",UPPER(E$3))),"''","null"),SUBSTITUTE(VLOOKUP(E$2,convert!$A$1:$B$4,2,0),"@@@",E100)) -> 100 | U100: =IF(F100="",IF(ISNUMBER(SEARCH("NOT NULL",UPPER(F$3))),"''","null"),SUBSTITUTE(VLOOKUP(F$2,convert!$A$1:$B$4,2,0),"@@@",F100)) -> 30 | V100: =IF(G100="",IF(ISNUMBER(SEARCH("NOT NULL",UPPER(G$3))),"''","null"),SUBSTITUTE(VLOOKUP(G$2,convert!$A$1:$B$4,2,0),"@@@",G100)) -> 30 | W100: =IF(H100="",IF(ISNUMBER(SEARCH("NOT NULL",UPPER(H$3))),"''","null"),SUBSTITUTE(VLOOKUP(H$2,convert!$A$1:$B$4,2,0),"@@@",H100)) -> 20 | ... AD100: =IF(O100="",IF(ISNUMBER(SEARCH("NOT NULL",UPPER(O$3))),"''","null"),SUBSTITUTE(VLOOKUP(O$2,convert!$A$1:$B$4,2,0),"@@@",O100)) -> TRUE | AE100: =" ("&_xlfn.TEXTJOIN(", ",FALSE,P100:AD100)&")," -> ('0074A01', 'イシツブテ', 40, 80, 100, 30, 30, 20, 'アローラのすがた', 'rock', 'electric', 'g7', null, null, TRUE),
...

Sheet convert
A1: bpchar | B1: '@@@'
A2: varchar | B2: '@@@'
A3: number | B3: @@@
A4: boolean | B4: @@@
